OBJECTID,Name,Population,White,Blk_AfAm,AmInd_AkNa,Asian,NatHaw_Pac,Other_Race,TwoOrMore,Hisp_Lat,Male,Female,Total_Units,Occ_Occupied,Occ_Vacant,Tenure_Owner,Tenure_Renter,Vacant_ForRent,Vacant_ForSale,Vacant_Other_All,HH_Total,HH_Family,HH_Married,HH_OtherFamily,HH_Male_NoSpouse,HH_Female_NoSpouse,HH_NonFamily,HH_NonFamilyAlone,HH_NonFamilyNotAlone,HH18_With18,HH18_FamilyWith18,HH18_NonFamilyWith18,HH18_No18,HH18_FamilyNo18,HH18_NonFamilyNo18,Age_U5,Age_5_9,Age_10_14,Age_15_17,Age_18_21,Age_22_24,Age_25_29,Age_30_34,Age_35_39,Age_40_44,Age_45_49,Age_50_54,Age_55_59,Age_60_64,Age_65_69,Age_70_74,Age_75_79,Age_80_84,Age_85up,Med_Age,Med_Age_Male,Med_Age_Female,Shape__Area,Shape__Length
1,Beechfield,4013,462,3191,3,108,0,105,144,164,1820,2193,1721,1592,129,914,678,82,9,38,1592,1013,403,610,115,495,579,476,103,511,505,6,1081,508,573,280,258,254,82,216,139,299,357,305,247,232,210,119,279,208,146,69,42,32,37.40000153,33.5,38.90000153,11223169.1976929,16370.4479571735
2,Belair-Parkside,449,91,302,2,12,0,4,38,17,207,242,174,152,22,92,60,0,12,10,152,104,48,56,13,43,48,39,9,62,62,0,90,42,48,26,21,33,12,15,15,35,41,32,26,19,39,5,20,44,22,9,10,5,37.09999847,39.40000153,38.40000153,954640.827697754,6808.02967552625
3,Curtis Bay Industrial Area,20,6,8,0,0,0,6,0,4,8,12,1,1,0,0,1,0,0,0,1,0,0,0,0,0,1,0,1,0,0,0,1,0,1,5,6,0,1,1,0,0,1,1,1,0,0,0,1,1,1,0,0,0,9.5,10.5,9.5,11673274.6343384,26350.573241923
4,Eastwood,764,314,81,4,7,0,301,57,377,339,425,286,272,14,126,146,9,0,5,272,156,94,62,18,44,116,96,20,105,103,2,167,53,114,60,47,71,10,47,31,76,52,45,44,41,42,15,40,37,23,10,18,10,33.59999847,35.09999847,34.5,779622.076049805,4182.51263004459
5,Forest Park Golf Course,358,14,305,5,2,0,27,5,13,164,194,135,123,12,92,31,7,0,5,123,81,28,53,4,49,42,36,6,36,36,0,87,45,42,19,12,24,9,12,12,21,25,16,15,6,38,17,19,20,36,23,6,10,45.90000153,35.79999924,54.40000153,2871664.96166992,7965.54924831659
6,Harwood,1639,503,916,5,35,1,60,119,153,808,831,732,651,81,250,401,21,13,47,651,279,136,143,35,108,372,242,130,124,121,3,527,158,369,98,93,69,5,72,121,212,198,125,116,83,82,35,85,83,47,15,24,11,33.59999847,34.40000153,33.5,1978012.99139404,5912.9076142842
7,Hawkins Point,24,7,0,0,0,0,8,9,10,11,13,5,5,0,5,0,0,0,0,5,4,0,4,1,3,1,1,0,3,3,0,2,1,1,4,2,3,1,1,3,2,0,0,2,2,0,0,0,1,1,0,2,0,26.20000076,22.39999962,25.29999924,54763685.5465698,55791.7230767538
8,Highlandtown,2915,1674,262,82,73,0,510,314,851,1507,1408,1441,1228,213,685,543,85,31,97,1228,583,364,219,67,152,645,400,245,288,278,10,940,305,635,189,151,115,40,80,135,447,527,290,213,112,146,66,95,81,59,33,19,29,33.5,33.90000153,33.5,3961744.74353027,8604.59073638924
9,Hoes Heights,930,648,138,2,86,0,12,44,32,450,480,504,467,37,275,192,18,4,15,467,202,154,48,13,35,265,204,61,78,77,1,389,125,264,50,26,30,2,21,13,95,149,90,73,50,46,32,65,70,39,23,16,19,39.29999924,38.20000076,40.59999847,2159542.11737061,6669.81264766834
10,Bayview,2944,998,322,32,118,0,1197,277,1546,1496,1448,1148,1029,119,369,660,61,16,42,1029,636,350,286,96,190,393,293,100,373,369,4,656,267,389,266,247,167,57,129,140,239,284,288,176,169,125,66,154,131,87,52,29,22,34.09999847,34.40000153,34.90000153,2654455.1854248,7486.51021564154
11,Keswick,713,560,67,0,45,0,11,30,22,328,385,380,347,33,277,70,17,9,7,347,192,175,17,5,12,155,119,36,90,88,2,257,104,153,33,35,39,11,25,12,11,11,25,49,72,36,25,41,71,32,53,31,42,50.40000153,52.79999924,49.09999847,2233451.65057373,8843.2567567801
12,Lucille Park,431,49,356,0,0,0,7,19,18,250,181,175,135,40,27,108,1,0,39,135,95,23,72,23,49,40,30,10,55,54,1,80,41,39,18,19,11,9,14,10,33,29,40,28,36,39,34,36,21,18,9,11,2,43.40000153,39.79999924,40.90000153,2920636.70861816,9492.29020829436
13,Millhill,1404,297,906,7,31,1,76,86,107,682,722,713,572,141,122,450,45,9,87,572,292,81,211,50,161,280,227,53,175,170,5,397,122,275,110,84,127,34,85,43,96,78,85,103,65,100,38,92,80,42,32,20,8,37.20000076,36.79999924,37.20000076,5879577.84692383,11605.0771446787
14,Moravia-Walther,978,295,588,5,12,0,18,60,45,471,507,431,380,51,274,106,21,4,26,380,222,126,96,17,79,158,137,21,107,106,1,273,116,157,54,59,49,18,48,31,37,48,87,77,69,81,48,57,57,49,12,15,20,44.20000076,40.29999924,42.5,3652104.38464355,8867.31054975074
15,Morgan Park,245,29,202,0,1,0,4,9,5,95,150,123,121,2,121,0,0,0,2,121,76,47,29,11,18,45,35,10,27,27,0,94,49,45,4,6,15,2,13,9,8,17,16,23,14,31,2,19,27,11,3,12,1,45.70000076,37.59999847,51.40000153,2026709.31512451,5825.26079241328
16,Mount Holly,1304,43,1178,2,0,0,44,37,40,633,671,651,514,137,209,305,40,18,79,514,296,101,195,49,146,218,172,46,131,129,2,383,167,216,69,81,79,10,58,47,95,80,84,69,98,105,59,97,95,64,22,14,20,41.29999924,38.29999924,38.40000153,3455557.440979,9466.86274240141
17,Mt Pleasant Park,0,0,0,0,0,0,0,0,0,0,0,0,0,0,0,0,0,0,0,0,0,0,0,0,0,0,0,0,0,0,0,0,0,0,0,0,0,0,0,0,0,0,0,0,0,0,0,0,0,0,0,0,0,,,,7056941.33404541,14645.8517894159
18,O'Donnell Heights,972,60,757,19,9,1,72,54,119,353,619,354,312,42,34,278,24,8,10,312,225,33,192,29,163,87,67,20,165,165,0,147,60,87,95,121,117,26,63,27,65,106,71,49,30,40,13,43,15,18,7,1,3,24.29999924,19.79999924,28.39999962,4442684.61193848,9998.76111024486
19,Oaklee,669,249,322,0,23,0,19,56,54,318,351,391,351,40,83,268,20,6,14,351,149,62,87,22,65,202,159,43,73,73,0,278,76,202,30,24,25,4,27,43,89,69,54,55,23,55,15,41,37,21,9,11,12,38.70000076,36.5,41.29999924,1134217.46264648,5680.32574714728
20,Orangeville Industrial Area,33,4,9,0,1,0,10,9,15,23,10,3,1,2,0,1,2,0,0,1,0,0,0,0,0,1,1,0,0,0,0,1,0,1,3,6,3,5,1,0,9,0,1,0,0,2,0,0,1,0,0,0,0,20.60000038,20.79999924,7.0999999,12412587.0563354,16423.6497096793
21,Otterbein,2677,1834,419,2,198,0,34,190,126,1282,1395,2014,1814,200,491,1323,138,19,43,1814,482,404,78,27,51,1332,1082,250,117,116,1,1697,366,1331,68,26,27,7,30,150,506,380,174,95,84,91,72,155,227,186,143,114,76,42.59999847,42,44.09999847,2860751.7645874,7212.22232689321
22,Parkside,2406,152,2111,3,43,1,24,72,59,1062,1344,1157,1034,123,466,568,67,21,35,1034,573,193,380,84,296,461,394,67,273,272,1,761,301,460,118,158,156,45,127,105,158,192,177,120,135,145,77,174,152,96,46,25,30,39.79999924,35.40000153,41.5,3276041.16467285,8592.514676173
23,Auchentoroly-Parkwood,1597,65,1453,4,4,0,14,57,29,763,834,1006,689,317,244,445,76,15,226,689,335,99,236,41,195,354,264,90,186,179,7,503,156,347,83,115,71,19,82,64,127,132,108,80,103,102,73,132,87,41,39,14,22,39.20000076,36.79999924,39,2748381.67956543,7357.46262425217
24,Penn-Fallsway,2594,331,2179,8,10,0,52,14,74,2399,195,12,10,2,0,10,1,0,1,10,5,0,5,2,3,5,3,2,4,4,0,6,1,5,3,4,2,104,277,247,511,401,331,223,154,149,90,46,10,16,9,1,3,31.60000038,31.79999924,31.5,3747891.38482666,8958.15719102085
25,Pimlico Good Neighbors,858,35,762,1,4,0,31,25,42,417,441,433,367,66,199,168,30,5,31,367,198,59,139,28,111,169,151,18,80,77,3,287,121,166,53,34,46,21,52,21,51,44,40,50,32,59,33,76,51,51,39,33,24,47.40000153,46,46.79999924,8243231.45910645,11943.492005741
26,Pleasant View Gardens,671,2,648,0,1,0,1,19,4,242,429,339,338,1,19,319,1,0,0,338,163,22,141,14,127,175,158,17,100,99,1,238,64,174,55,43,69,25,28,20,32,51,40,28,18,32,10,37,47,37,25,12,22,38.40000153,29.10000038,40.29999924,1260420.96746826,4854.81903709987
27,Purnell,596,15,566,0,1,0,3,11,11,266,330,291,260,31,17,243,29,2,0,260,163,54,109,14,95,97,71,26,101,101,0,159,62,97,61,45,52,5,29,30,74,74,39,35,35,19,13,28,14,5,2,2,5,29.60000038,28.29999924,31.29999924,1108359.83227539,6136.34680217887
28,Rosemont,2411,38,2245,5,4,0,15,104,36,1095,1316,1161,880,281,377,503,77,29,175,880,547,157,390,84,306,333,282,51,306,300,6,574,247,327,146,177,202,63,134,92,152,212,172,140,103,119,77,158,120,93,30,39,21,35.90000153,32.5,38.09999847,4889088.36901855,9008.27155232766
29,Rosemont East,1959,591,1221,6,11,2,57,71,52,934,1025,865,813,52,449,364,17,11,24,813,419,188,231,56,175,394,325,69,210,206,4,603,213,390,107,94,96,31,74,83,126,135,163,121,103,136,77,129,106,87,75,36,27,41.70000076,39.79999924,40.59999847,7026395.25097656,11960.0048537579
30,Rosemont Homeowners/Tenants,1273,20,1189,4,6,0,15,39,29,621,652,567,440,127,224,216,47,13,67,440,305,81,224,63,161,135,98,37,143,142,1,297,163,134,74,83,83,49,60,18,105,94,73,57,55,73,54,110,40,58,40,38,26,39,36,37.40000153,1756742.7868042,7028.14551944487
31,Sabina-Mattfeldt,187,181,2,0,1,0,0,3,0,86,101,91,85,6,65,20,0,4,2,85,55,48,7,1,6,30,23,7,24,23,1,61,32,29,12,12,7,2,0,2,4,17,18,23,24,18,7,5,10,7,16,0,1,43.5,46.29999924,41.29999924,3297295.94696045,10310.1446757682
32,Saint Agnes,574,185,325,0,8,0,20,36,24,308,266,270,265,5,87,178,1,0,4,265,118,63,55,11,44,147,128,19,53,52,1,212,66,146,17,19,19,7,20,11,38,46,27,39,29,53,36,48,39,36,23,17,16,47,47.40000153,50,2826380.3192749,8665.56054383719
33,Saint Helena,617,331,112,9,9,0,61,95,152,294,323,248,202,46,127,75,13,10,23,202,117,66,51,22,29,85,63,22,63,63,0,139,54,85,35,36,56,15,17,33,59,64,57,37,24,31,13,42,43,15,6,6,5,34,35.40000153,34.90000153,1582392.38757324,6295.65504575328
34,Saint Josephs,1594,29,1477,2,9,0,32,45,48,733,861,814,627,187,386,241,88,20,79,627,383,122,261,59,202,244,204,40,168,163,5,459,220,239,83,59,94,29,85,61,104,122,97,106,70,132,48,124,88,66,47,48,39,42.40000153,35.59999847,46.20000076,3894970.95227051,9239.74377401069
35,Stonewood-Pentwood-Winston,765,18,709,3,0,0,9,26,14,324,441,369,340,29,216,124,21,0,8,340,211,63,148,19,129,129,107,22,97,96,1,243,115,128,25,29,25,11,80,51,48,52,55,34,36,37,33,48,40,30,44,23,18,39.59999847,39.90000153,43.70000076,2604492.46643066,6896.52436005494
36,Taylor Heights,359,193,107,2,5,1,25,26,25,175,184,154,149,5,106,43,4,0,1,149,78,53,25,5,20,71,54,17,38,37,1,111,41,70,15,11,13,7,13,17,20,31,42,31,21,27,15,16,25,19,6,3,11,39.90000153,42.79999924,39.40000153,5346148.55023193,10385.1294536207
37,University of Maryland,602,200,265,0,76,0,22,39,45,280,322,483,401,82,3,398,56,0,26,401,50,17,33,10,23,351,316,35,18,18,0,383,32,351,11,5,3,3,21,102,166,88,58,39,10,25,10,36,8,5,2,1,4,31.60000038,35,30.10000038,4208039.58221436,10061.5706016436
38,Upton,4817,91,4412,13,36,9,55,201,94,2129,2688,2604,2180,424,221,1959,204,2,218,2180,990,185,805,112,693,1190,1022,168,649,646,3,1531,344,1187,373,406,381,81,245,166,288,349,316,249,204,308,167,340,251,176,108,63,72,36.09999847,34.90000153,38.40000153,8151916.73901367,15542.0040886384
39,Wakefield,1710,153,1457,3,24,0,19,54,36,748,962,1027,996,31,94,902,18,0,13,996,414,127,287,63,224,582,514,68,210,204,6,786,210,576,103,99,72,12,53,88,223,175,109,72,85,105,70,126,88,80,34,19,16,38,37,37.20000076,7612178.21276855,14422.1175869756
40,West Hills,1988,99,1771,4,11,0,17,86,38,889,1099,975,911,64,533,378,26,17,21,911,507,197,310,49,261,404,360,44,222,218,4,689,289,400,99,98,106,28,86,50,144,120,112,98,108,143,72,171,150,122,84,48,37,46,43.79999924,47.90000153,9351545.56378174,19698.8180608284
41,Wilson Park,1054,36,957,2,4,0,20,35,18,500,554,506,421,85,234,187,21,6,58,421,268,81,187,30,157,153,118,35,108,107,1,313,161,152,52,64,74,22,64,46,77,60,63,45,45,65,49,74,74,43,29,10,24,39.79999924,40,44.29999924,3413758.48352051,8207.87312942749
42,Woodbourne Heights,1621,39,1471,2,6,0,37,66,62,652,969,835,782,53,286,496,31,7,15,782,389,125,264,45,219,393,347,46,174,173,1,608,216,392,100,74,71,23,75,85,158,91,99,76,74,118,53,129,100,85,45,33,13,40.59999847,36.90000153,44.90000153,3751242.32867432,7797.27841029741
43,Wyndhurst,680,572,35,1,27,0,11,34,23,321,359,321,315,6,190,125,4,0,2,315,195,159,36,17,19,120,77,43,102,102,0,213,93,120,40,27,42,15,26,19,54,46,51,32,54,65,25,58,28,24,15,10,13,41.20000076,35.59999847,44.79999924,8463508.02374268,12949.2696543279
44,Edgewood,1995,34,1899,2,0,0,19,41,38,918,1077,867,678,189,392,286,59,34,96,678,463,117,346,52,294,215,175,40,261,256,5,417,207,210,118,142,160,43,113,48,132,124,130,109,82,102,67,134,108,86,55,53,50,38.79999924,33.09999847,41.70000076,3005778.07128906,7467.3580293908
45,Evesham Park,710,248,348,1,14,2,24,73,72,315,395,364,323,41,135,188,24,0,17,323,166,73,93,26,67,157,125,32,96,96,0,227,70,157,46,26,51,8,58,39,81,71,50,30,46,44,18,27,20,28,14,5,12,34.5,34.09999847,34.59999847,2047208.05969238,7083.96743057449
46,Belvedere,706,215,453,1,4,0,4,29,15,288,418,322,302,20,254,48,5,14,1,302,193,106,87,28,59,109,85,24,68,68,0,234,125,109,34,28,33,10,42,19,45,46,75,43,45,46,23,45,60,32,26,6,5,41.79999924,39.79999924,43.29999924,2888921.06982422,7743.90822716577
47,York-Homeland,1088,376,304,0,304,0,39,65,106,506,582,253,204,49,2,202,11,1,37,204,36,15,21,3,18,168,153,15,15,14,1,189,22,167,12,10,8,2,649,163,22,10,16,5,10,25,22,56,28,3,10,7,8,21,21,21,651534.637268066,3284.05810979136
48,CARE,1422,193,898,13,73,0,135,110,176,647,775,789,661,128,173,488,84,5,39,661,309,98,211,63,148,352,259,93,163,160,3,498,149,349,85,96,95,12,72,54,175,142,111,96,53,68,25,85,52,52,32,12,20,35.09999847,34.09999847,37.79999924,2361621.41821289,6495.60338302028
49,Concerned Citizens of Forest Park,1141,32,1055,4,14,0,9,27,13,553,588,574,486,88,198,288,14,20,54,486,226,53,173,41,132,260,224,36,118,115,3,368,111,257,84,57,70,24,70,43,90,49,87,60,51,67,48,72,93,48,19,20,34,41.09999847,42.70000076,40.90000153,2227446.81866455,6062.8123392731
50,Carroll - Camden Industrial Area,27,8,8,0,5,0,0,6,2,15,12,7,1,6,1,0,0,0,6,1,0,0,0,0,0,1,1,0,0,0,0,1,0,1,5,1,0,0,1,1,0,5,4,0,1,0,0,6,1,0,0,0,0,34.5,34.20000076,27.29999924,16968110.7849731,24594.2518255611
51,Harbor Point,354,255,12,0,49,0,9,29,45,177,177,291,276,15,33,243,12,3,0,276,46,33,13,5,8,230,179,51,7,7,0,269,39,230,0,2,0,0,4,34,120,103,35,13,7,13,3,13,1,5,0,0,0,30.79999924,31.5,30.5,1097655.01171875,4148.230150591
52,Key Highway,1149,910,72,0,85,0,26,56,53,605,544,769,664,105,376,288,52,10,43,664,320,282,38,23,15,344,273,71,68,68,0,596,252,344,40,16,7,2,4,39,121,166,82,78,38,65,24,99,118,86,55,19,13,47.20000076,45.5,47.59999847,1061655.98132324,12051.2287296281
53,Harbor East,1037,693,59,4,190,0,19,72,52,420,617,1012,629,383,65,564,268,16,99,629,202,156,46,18,28,427,319,108,47,45,2,582,157,425,30,20,18,1,28,123,173,185,98,56,69,40,14,39,29,45,29,1,8,34.70000076,35.79999924,34.40000153,1619510.83190918,5599.68628957437
54,Fallstaff,4896,1300,2322,21,51,0,919,283,1143,2336,2560,2070,1899,171,716,1183,99,13,59,1899,1081,563,518,130,388,818,683,135,576,567,9,1323,514,809,374,360,329,95,236,197,366,363,320,291,226,254,125,308,247,212,139,99,88,37,34.09999847,39.40000153,9375402.75695801,15190.3327289987
55,South Baltimore,3939,3269,220,6,141,1,51,251,199,2052,1887,2171,1955,216,851,1104,116,32,68,1955,615,434,181,70,111,1340,698,642,214,211,3,1741,404,1337,123,71,52,28,59,570,1258,681,305,172,131,115,50,112,57,47,33,19,18,29.79999924,30.29999924,30.39999962,4125379.23474121,8630.13027721164
56,Abell,975,632,169,0,73,0,11,90,52,473,502,503,453,50,252,201,19,0,31,453,185,124,61,24,37,268,156,112,75,75,0,378,110,268,47,31,17,5,67,88,137,151,97,60,37,47,17,52,23,29,22,8,7,33.40000153,33.59999847,32.90000153,2033969.45550537,5897.61061769911
57,Allendale,3354,43,3209,10,5,1,30,56,39,1489,1865,1719,1417,302,683,734,134,12,156,1417,780,211,569,80,489,637,546,91,368,361,7,1049,419,630,158,218,213,56,133,120,188,199,230,188,140,215,126,270,203,169,98,62,141,43.70000076,39.70000076,46.29999924,11954204.6424561,14315.9154847172
58,Arcadia,1077,534,436,5,13,0,19,70,65,501,576,477,441,36,365,76,8,19,9,441,306,203,103,21,82,135,106,29,135,135,0,306,171,135,75,71,61,22,59,27,40,71,73,80,86,75,30,97,72,35,18,8,17,41.90000153,36.59999847,45.40000153,6301561.92755127,12292.0128815069
59,Arlington,2163,52,1991,6,26,2,13,73,42,1034,1129,1281,1050,231,390,660,78,22,131,1050,455,149,306,55,251,595,535,60,218,216,2,832,239,593,77,83,127,44,112,61,87,114,112,109,110,176,104,196,160,149,99,67,53,49.29999924,44.09999847,52.70000076,5034912.34210205,9756.98746120634
60,Armistead Gardens,3779,1763,158,32,41,2,1282,501,1911,1822,1957,1533,1402,131,904,498,72,15,44,1402,924,469,455,119,336,478,355,123,544,538,6,858,386,472,243,307,350,93,165,146,251,294,321,222,185,204,115,213,176,120,63,56,39,34.29999924,33.29999924,34.90000153,13457813.9863281,17030.4125353367
61,Ashburton,2243,54,2043,3,13,3,30,97,60,1013,1230,1103,1013,90,740,273,14,29,47,1013,575,284,291,50,241,438,402,36,224,224,0,789,351,438,85,121,106,41,101,67,131,98,121,127,110,178,90,184,159,125,96,71,93,46.70000076,43.29999924,48.90000153,9863866.74151611,16057.5710089276
62,Baltimore Highlands,3143,522,428,55,88,0,1667,383,2147,1660,1483,1112,964,148,278,686,87,14,47,964,620,306,314,82,232,344,242,102,422,416,6,542,204,338,294,245,254,80,185,118,283,277,322,278,169,120,64,113,72,84,38,27,11,31.20000076,29.5,32.20000076,4223188.48248291,8314.73052717193
63,Patterson Park Neighborhood,5438,2578,1164,64,176,1,940,515,1484,2536,2902,2638,2291,347,1287,1004,117,98,132,2291,1149,703,446,131,315,1142,727,415,601,585,16,1690,564,1126,362,272,284,83,175,237,803,851,689,406,256,197,106,214,140,85,52,40,20,32.29999924,32.40000153,33.09999847,4711789.62042236,10494.779834593
64,Barclay,2692,578,1843,5,38,1,53,174,183,1213,1479,1495,1258,237,306,952,114,15,108,1258,519,197,322,50,272,739,568,171,268,263,5,990,256,734,140,126,144,42,145,125,308,371,234,154,116,152,105,167,110,49,30,26,14,35.09999847,35.40000153,37,3919792.30218506,8123.1275406767
65,Barre Circle,300,142,71,7,39,0,22,19,35,167,133,166,139,27,75,64,12,9,6,139,67,30,37,13,24,72,49,23,25,24,1,114,43,71,8,10,12,1,10,22,59,34,32,11,14,20,14,20,6,10,5,2,0,34.29999924,36.09999847,28.5,667985.641662598,3974.38077243458
66,Bellona-Gittings,653,520,67,0,18,0,14,34,20,334,319,263,262,1,218,44,1,0,0,262,169,143,26,6,20,93,82,11,95,94,1,167,75,92,49,58,36,6,20,14,12,27,23,51,34,52,26,65,36,47,28,22,9,44.59999847,43.20000076,41.79999924,4536641.25134277,8683.48661320408
67,Berea,3469,95,3106,14,8,2,108,136,149,1556,1913,1731,1393,338,672,721,96,15,227,1393,834,245,589,92,497,559,440,119,404,399,5,989,435,554,180,234,224,47,154,111,220,237,188,195,152,236,135,257,238,163,91,101,107,42.59999847,38.90000153,44.70000076,9474120.26599121,12605.8417007736
68,Better Waverly,2622,415,1883,11,54,1,137,121,196,1166,1456,1306,1123,183,394,729,39,19,125,1123,606,187,419,83,336,517,386,131,345,341,4,778,265,513,157,177,198,41,121,71,247,224,193,179,155,159,84,169,125,79,37,33,22,35.20000076,34.70000076,37.5,7755250.9508667,12193.698320693
69,Beverly Hills,637,306,278,3,6,0,4,40,15,307,330,293,260,33,208,52,0,5,28,260,149,110,39,14,25,111,84,27,68,65,3,192,84,108,25,27,33,14,20,9,28,47,49,56,40,41,35,37,51,42,14,18,10,46.90000153,44.79999924,47.90000153,2906578.25860596,7224.86944767504
70,Biddle Street,935,16,850,7,2,0,25,35,47,465,470,438,321,117,141,180,36,8,73,321,156,42,114,23,91,165,139,26,77,77,0,244,79,165,70,72,60,21,33,19,50,77,48,45,41,60,34,84,53,20,35,24,24,39,38.40000153,41.5,3075281.98657227,8831.35915269151
71,Blythewood,38,37,0,0,0,0,0,1,0,18,20,12,12,0,12,0,0,0,0,12,12,10,2,0,2,0,0,0,9,9,0,3,3,0,2,4,6,0,1,2,0,0,0,3,5,2,0,4,2,0,1,2,0,42,53.5,32,2110658.90893555,5921.84034800388
72,Bolton Hill,5034,2427,1515,14,597,1,110,370,311,2218,2816,2996,2516,480,697,1819,173,22,285,2516,711,513,198,48,150,1805,1502,303,273,267,6,2243,444,1799,143,86,102,41,1009,330,419,411,313,199,189,234,144,266,329,276,169,119,100,40.59999847,41.59999847,39.09999847,6348130.57775879,11004.4657315658
73,Boyd-Booth,516,22,462,0,0,1,15,16,23,255,261,253,166,87,15,151,43,3,41,166,98,22,76,18,58,68,57,11,66,66,0,100,32,68,54,34,25,13,29,17,48,21,22,38,27,43,23,30,23,18,12,0,5,36.29999924,36.09999847,34.70000076,1076713.94647217,4764.90628928057
74,Bridgeview/Greenlawn,1679,17,1604,5,0,0,8,45,37,762,917,913,716,197,316,400,96,15,86,716,387,106,281,38,243,329,278,51,206,206,0,510,181,329,79,100,84,32,91,87,144,105,108,94,68,98,51,124,144,85,37,17,33,39.70000076,36.09999847,42.09999847,7543361.53930664,12860.4673018279
75,Broadway East,3376,60,3110,6,17,0,82,101,131,1562,1814,1962,1438,524,530,908,166,42,316,1438,797,224,573,132,441,641,520,121,421,414,7,1017,383,634,233,226,221,42,158,121,257,226,248,148,171,221,125,240,212,141,99,70,69,39,36.5,41,9647084.9854126,12478.5511766087
76,Broening Manor,1971,607,316,47,26,0,664,311,1028,1010,961,701,646,55,252,394,31,0,24,646,399,199,200,73,127,247,184,63,235,231,4,411,168,243,142,166,136,43,111,78,179,181,160,123,90,103,58,96,90,64,23,19,27,31.89999962,31.5,33.59999847,4491921.61169434,11103.3179092839
77,Brooklyn,9549,2723,3688,90,163,1,1927,957,2636,4575,4974,4017,3336,681,1081,2255,321,49,311,3336,2141,817,1324,345,979,1195,853,342,1364,1352,12,1972,789,1183,873,826,872,184,490,407,711,823,682,607,513,545,272,515,285,224,113,62,34,31.60000038,30.39999962,32,23781159.8856201,24126.8287203059
78,Parkway,638,11,591,0,4,3,4,25,17,278,360,304,267,37,153,114,17,5,15,267,139,41,98,22,76,128,112,16,60,60,0,207,79,128,43,31,46,6,37,17,40,49,36,30,24,41,23,37,41,40,18,12,21,41.40000153,35.70000076,43,2412490.49987793,7899.05766729634
79,Butchers Hill,2122,1271,337,26,103,0,151,234,333,998,1124,1029,916,113,404,512,22,20,71,916,385,250,135,53,82,531,312,219,166,161,5,750,224,526,146,115,87,26,35,154,404,350,220,130,92,81,21,76,42,39,27,15,8,31.29999924,32.29999924,31.5,2166839.23168945,5966.85900211008
80,Callaway-Garrison,1582,41,1435,1,12,0,39,54,71,750,832,677,545,132,365,180,24,32,76,545,386,132,254,67,187,159,131,28,178,174,4,367,212,155,75,112,107,22,61,27,96,108,87,78,71,89,79,117,113,104,62,32,46,45.29999924,39,45.90000153,5303070.33966064,9835.54059787643
81,Cameron Village,1310,66,1175,1,7,0,8,53,23,560,750,698,607,91,300,307,66,8,17,607,309,106,203,28,175,298,273,25,137,137,0,470,172,298,78,57,81,26,49,46,102,81,74,66,69,78,54,98,82,80,49,21,26,44.40000153,40.90000153,45.70000076,2896180.74945068,8011.68837282378
82,Canton,12725,10408,502,56,571,1,325,862,893,6203,6522,7221,6529,692,3826,2703,279,153,260,6529,2421,1925,496,195,301,4108,2465,1643,857,846,11,5672,1575,4097,637,288,174,41,121,676,2952,2583,1288,744,535,482,244,406,384,365,224,144,134,34.40000153,34.90000153,34.40000153,15855793.8005371,20153.1122386558
83,Carroll Park,0,0,0,0,0,0,0,0,0,0,0,0,0,0,0,0,0,0,0,0,0,0,0,0,0,0,0,0,0,0,0,0,0,0,0,0,0,0,0,0,0,0,0,0,0,0,0,0,0,0,0,0,0,,,,9606439.59753418,14023.9013304191
84,Carroll-South Hilton,1241,47,1075,4,7,0,43,65,64,548,693,574,459,115,269,190,71,2,42,459,290,119,171,38,133,169,131,38,163,159,4,296,131,165,77,65,93,31,51,57,80,91,109,57,77,90,26,70,64,33,24,31,22,37,37.20000076,36.59999847,13081443.3356323,16102.2547086436
85,Carrollton Ridge,2318,525,1440,13,38,1,129,172,184,1151,1167,1283,808,475,242,566,63,15,397,808,499,170,329,72,257,309,194,115,332,326,6,476,173,303,166,171,204,59,108,89,165,187,171,147,160,145,81,123,102,64,26,9,17,34.59999847,34,35.20000076,6266092.21020508,10488.3020258927
86,Cedarcroft,626,488,46,0,26,0,10,56,31,302,324,228,215,13,181,34,2,10,1,215,152,137,15,2,13,63,48,15,88,88,0,127,64,63,49,48,36,19,23,16,26,24,38,37,36,43,20,39,59,24,26,8,14,45.20000076,39.09999847,45.90000153,3735147.61053467,8024.14452881643
87,Cedmont,2524,721,1543,12,40,1,44,163,109,1221,1303,1032,909,123,718,191,31,39,53,909,600,322,278,66,212,309,236,73,293,288,5,616,312,304,115,159,184,57,113,84,142,176,189,179,189,165,102,177,138,107,59,30,19,40,37.5,42.09999847,10469101.3340454,15077.2343187907
88,Cedonia,3168,95,2938,12,9,0,43,71,42,1415,1753,1420,1311,109,668,643,78,12,19,1311,779,311,468,92,376,532,459,73,382,379,3,929,400,529,185,209,188,61,193,106,247,198,201,197,174,211,93,230,180,163,77,46,36,39.20000076,36.40000153,42.29999924,7862230.41082764,17743.4692625238
89,Central Forest Park,1097,71,971,3,10,0,14,28,20,522,575,482,362,120,188,174,46,13,61,362,218,85,133,36,97,144,130,14,93,93,0,269,125,144,42,65,72,19,35,27,68,65,68,58,51,81,48,110,75,54,27,25,48,46.09999847,43.20000076,49.90000153,4163445.06140137,8735.07493729018
90,Central Park Heights,4339,104,4002,18,14,3,51,147,109,2007,2332,2261,1668,593,671,997,162,31,400,1668,1035,302,733,123,610,633,514,119,560,554,6,1108,481,627,294,278,291,77,192,163,287,261,282,246,213,347,152,289,234,192,134,72,85,40.5,38.20000076,42.59999847,12345774.0205688,19213.607275595
91,Charles North,1085,333,543,5,78,0,42,84,100,613,472,1009,749,260,65,684,170,5,85,749,149,77,72,23,49,600,468,132,59,59,0,690,90,600,21,14,12,9,33,47,182,147,117,92,47,74,58,67,50,31,9,13,11,40.09999847,40.59999847,40.79999924,3870815.28308105,9460.76368119314
92,Cherry Hill,7647,286,6745,18,49,1,234,314,363,3181,4466,3375,3047,328,429,2618,200,14,114,3047,1921,416,1505,208,1297,1126,928,198,1251,1238,13,1796,683,1113,627,739,742,197,327,315,609,738,479,378,342,319,177,405,308,181,145,79,82,30.29999924,27.20000076,32.90000153,32638283.1143188,28589.1216798317
93,Cheswolde,7613,5208,1616,8,259,0,229,293,229,3578,4035,3314,3142,172,1145,1997,113,6,53,3142,1769,1328,441,105,336,1373,1197,176,953,949,4,2189,820,1369,732,550,515,120,355,343,860,632,435,338,363,328,147,350,382,302,212,147,191,31.89999962,29.39999962,34.59999847,23864749.9558105,22000.520265004
94,Chinquapin Park,1247,134,1010,0,21,0,9,73,23,577,670,545,512,33,417,95,7,7,19,512,337,165,172,18,154,175,154,21,153,152,1,359,185,174,61,66,67,18,62,52,72,85,82,82,53,90,28,91,73,80,57,37,25,43.40000153,35.70000076,48.29999924,3199905.56262207,9170.89264565767
95,Orchard Ridge,1038,49,918,4,2,1,13,51,36,431,607,450,420,30,78,342,12,2,16,420,247,55,192,22,170,173,160,13,161,160,1,259,87,172,58,89,118,16,61,39,64,66,86,82,61,60,42,54,35,15,13,5,4,32.59999847,29.5,37,7480321.75390625,13073.435358024
96,Clifton Park,16,0,10,0,0,0,0,6,0,9,7,6,6,0,0,6,0,0,0,6,6,1,5,0,5,0,0,0,5,5,0,1,1,0,0,0,0,0,0,0,2,3,2,3,0,0,0,3,2,0,0,0,1,43,43.29999924,42.5,15326503.078064,16842.1642837144
97,Coldspring,1108,216,750,5,52,0,21,64,33,556,552,610,558,52,255,303,27,3,22,558,198,105,93,19,74,360,324,36,91,91,0,467,107,360,46,42,33,17,27,13,58,67,68,73,63,76,43,101,115,95,64,22,39,52.70000076,47.59999847,56.09999847,17984120.0993652,18723.6835029913
98,Coldstream Homestead Montebello,5638,139,5107,20,25,0,112,235,166,2618,3020,2790,2068,722,1034,1034,176,51,495,2068,1305,370,935,208,727,763,598,165,670,655,15,1398,650,748,292,376,402,116,289,196,400,394,367,327,281,344,195,401,298,240,160,94,121,38.79999924,35.79999924,41.79999924,14529417.2935791,16794.5487965314
99,Coppin Heights/Ash-Co-East,1845,24,1778,5,0,0,8,30,12,807,1038,955,677,278,330,347,80,11,187,677,441,127,314,83,231,236,190,46,234,231,3,443,210,233,109,107,123,35,96,44,111,133,131,111,92,138,80,126,95,92,41,35,27,39.29999924,40.5,39.29999924,5641122.30926514,11919.5124933274
100,Cross Country,5305,3838,1026,4,37,1,177,222,232,2476,2829,2094,1964,130,1020,944,59,21,50,1964,1142,888,254,66,188,822,721,101,620,615,5,1344,527,817,488,448,431,118,300,218,410,327,274,233,222,205,97,345,276,231,148,116,162,33.20000076,32.59999847,34.40000153,16530396.0357056,20724.803347017
101,Cross Keys,883,688,89,2,44,0,14,46,42,333,550,710,642,68,509,133,17,6,45,642,170,126,44,15,29,472,442,30,37,36,1,605,134,471,23,14,5,1,10,14,41,49,44,27,33,30,26,59,125,107,101,67,73,64.40000153,58.40000153,67.19999695,7745429.86108398,15969.5678634607
102,Curtis Bay,3759,1757,1189,18,57,4,368,366,549,1892,1867,1756,1378,378,491,887,187,26,165,1378,783,335,448,108,340,595,438,157,461,455,6,917,328,589,241,284,272,63,141,138,282,299,329,229,213,277,155,233,192,118,45,35,22,37.40000153,38.09999847,36.59999847,14236408.975647,18858.9975542931
103,Cylburn,2212,48,2038,6,12,0,50,58,64,924,1288,1040,902,138,453,449,53,8,77,902,531,174,357,58,299,371,306,65,237,235,2,665,296,369,131,101,144,31,134,85,170,166,106,118,138,108,52,180,117,80,91,67,48,40.5,37.90000153,44.70000076,6159427.04888916,10917.0463004993
104,Darley Park,913,12,846,1,0,0,15,39,6,438,475,455,341,114,130,211,67,8,39,341,200,54,146,23,123,141,107,34,112,110,2,229,90,139,61,74,56,23,49,18,65,60,49,57,40,66,40,53,55,29,30,15,20,38,36.59999847,37.79999924,1538455.19946289,5817.40969845813
105,Dickeyville,173,126,10,1,6,0,3,27,8,64,109,90,63,27,34,29,25,0,2,63,21,15,6,1,5,42,41,1,5,5,0,58,16,42,12,7,11,2,3,7,19,15,3,10,1,10,2,15,12,16,8,6,6,40.20000076,57.70000076,36.90000153,6014845.27185059,12671.4370681858
106,Dolfield,1799,29,1709,7,4,0,18,32,21,773,1026,848,756,92,353,403,32,6,54,756,468,135,333,73,260,288,243,45,201,200,1,555,268,287,74,97,99,23,82,54,142,89,106,102,79,128,53,157,113,85,71,74,60,45.09999847,42.70000076,47.79999924,4739875.47442627,8663.96005721385
107,Dorchester,1565,51,1435,6,3,0,33,37,45,696,869,691,576,115,318,258,40,15,60,576,327,103,224,50,174,249,216,33,179,177,2,397,150,247,88,100,116,31,63,69,91,93,131,95,107,74,57,103,100,65,42,29,35,38.79999924,40.70000076,41.29999924,5315804.20703125,9393.61749939595
108,Downtown,7171,2740,2336,17,1295,6,188,589,510,3536,3635,5693,4765,928,209,4556,820,29,79,4765,801,509,292,90,202,3964,3200,764,267,261,6,4498,540,3958,163,95,78,19,241,1056,1943,1309,719,373,277,269,106,179,109,48,27,17,14,30.29999924,31.29999924,29.60000038,11352723.6063232,14816.8154021074
109,Druid Heights,1267,21,1179,4,2,3,4,54,15,631,636,724,485,239,152,333,76,8,155,485,255,60,195,33,162,230,149,81,134,131,3,351,124,227,67,73,88,30,49,49,79,96,103,56,89,86,53,100,67,56,29,13,15,40.09999847,36.5,43.90000153,2522500.6395874,8008.481729994
110,Druid Hill Park,27,10,5,2,0,0,5,5,6,10,17,8,8,0,5,3,0,0,0,8,5,3,2,1,1,3,3,0,4,4,0,4,1,3,0,1,2,0,1,0,0,0,4,2,2,4,0,2,4,1,0,0,1,53.29999924,45,59.5,27124234.6685181,22841.5387248366
111,Dunbar-Broadway,749,8,686,0,2,0,15,38,19,316,433,379,349,30,1,348,13,0,17,349,168,12,156,26,130,181,158,23,104,103,1,245,65,180,62,64,63,10,28,21,55,73,51,40,18,43,28,52,34,27,12,8,3,33.79999924,29.89999962,37.29999924,4785872.28887939,9667.48062276153
112,Dundalk Marine Terminal,7,6,0,0,0,0,0,1,1,6,1,0,0,0,0,0,0,0,0,0,0,0,0,0,0,0,0,0,0,0,0,0,0,0,0,0,0,0,0,0,1,0,4,0,1,0,1,0,0,0,0,0,0,37.5,38.5,25.5,11933585.9031982,15861.4139290283
113,East Arlington,2187,26,2036,16,14,2,30,63,55,976,1211,1080,973,107,472,501,47,18,42,973,508,176,332,58,274,465,380,85,250,245,5,723,263,460,116,104,120,31,88,104,142,166,121,131,133,158,60,177,141,94,50,52,43,41.20000076,37.40000153,42.79999924,3553968.29266357,8414.82960017017
114,East Baltimore Midway,2318,82,2091,8,7,0,67,63,67,1132,1186,1204,881,323,396,485,96,15,212,881,534,129,405,96,309,347,270,77,263,257,6,618,277,341,126,155,170,36,114,55,154,166,166,131,115,153,98,170,119,95,69,45,51,39.79999924,37.5,42.70000076,8358824.87683105,12871.7307569847
115,Easterwood,1178,13,1129,1,6,0,4,25,10,606,572,642,473,169,188,285,25,0,144,473,285,82,203,38,165,188,153,35,127,125,2,346,160,186,66,74,83,25,66,60,79,92,101,44,59,51,52,77,59,48,35,12,26,37.70000076,37.5,39.29999924,2153359.91607666,5925.70045260485
116,Edmondson Village,3642,55,3400,13,5,2,39,128,71,1615,2027,1672,1472,200,841,631,62,46,92,1472,925,274,651,117,534,547,458,89,417,411,6,1055,514,541,171,230,247,60,193,119,272,271,229,206,179,205,134,246,213,128,111,99,104,40.70000076,37.70000076,42,5181302.12329102,9826.74770626847
117,Ednor Gardens-Lakeside,4865,883,3608,10,74,2,42,246,139,2136,2729,2403,2235,168,1529,706,46,34,88,2235,1110,535,575,113,462,1125,938,187,431,420,11,1804,690,1114,181,203,196,82,182,114,293,356,330,291,268,301,132,344,362,342,259,156,186,46.40000153,43,50.29999924,14319363.1639404,18908.4167289047
118,Ellwood Park/Monument,3137,306,1667,45,87,0,785,247,1108,1511,1626,1297,1017,280,315,702,143,20,117,1017,644,233,411,107,304,373,224,149,409,398,11,608,246,362,267,238,238,58,140,116,264,336,243,173,158,227,98,152,103,80,37,33,13,33.29999924,31.89999962,34,3889398.74798584,8536.31809063238
119,Evergreen,355,312,18,0,5,0,2,18,7,130,225,197,179,18,168,11,1,2,15,179,121,91,30,12,18,58,51,7,54,54,0,125,67,58,11,26,31,3,5,2,15,20,14,38,33,19,15,32,30,16,9,8,0,45.09999847,41,45,1604926.76446533,5211.30537653062
120,Evergreen Lawn,988,1,967,0,2,0,7,11,11,446,542,444,342,102,242,100,36,7,59,342,228,68,160,29,131,114,89,25,91,91,0,251,137,114,53,68,74,22,52,30,41,53,45,48,59,70,38,89,55,57,29,21,19,43.20000076,42.79999924,43.5,1489267.21142578,5620.22762611275
121,Fairfield Area,127,43,35,1,1,0,37,10,49,58,69,59,43,16,2,41,2,4,10,43,26,4,22,9,13,17,11,6,16,15,1,27,11,16,5,9,12,5,5,4,13,16,6,10,5,5,5,5,8,5,4,1,0,35.29999924,38.09999847,31.89999962,67046148.4179077,82668.2808704831
122,Fairmount,322,28,283,0,1,0,1,9,13,150,172,160,122,38,75,47,7,0,31,122,75,41,34,12,22,47,40,7,27,26,1,95,49,46,14,24,14,9,16,9,25,20,19,31,13,36,3,21,19,10,7,7,7,39.79999924,40.5,40.59999847,4616324.01184082,10860.1442427573
123,Federal Hill,2695,2143,183,3,109,1,44,212,162,1392,1303,1612,1378,234,580,798,163,34,37,1378,519,358,161,50,111,859,484,375,197,189,8,1181,330,851,100,87,56,22,64,395,667,336,201,94,92,104,27,110,104,67,37,27,27,31.5,32.79999924,33.90000153,4152822.60845947,10066.290792333
124,Forest Park,1255,42,1130,5,4,1,29,44,42,616,639,731,563,168,249,314,72,26,70,563,288,106,182,42,140,275,241,34,138,136,2,425,152,273,69,59,66,12,64,37,88,70,88,65,83,108,45,110,88,63,39,17,28,44.5,43.20000076,44.70000076,4324443.33026123,9186.73308644811
125,Frankford,17135,1379,14596,56,216,4,282,602,531,7764,9371,7848,7226,622,2882,4344,384,57,181,7226,4152,1637,2515,518,1997,3074,2618,456,2232,2205,27,4994,1947,3047,1044,1125,1061,325,896,721,1280,1326,1117,984,993,1158,543,1202,957,624,367,206,168,37.79999924,35.40000153,39.09999847,59221544.1462402,38656.6284985986
126,Franklin Square,2379,91,2095,13,9,0,85,86,109,1113,1266,1409,1053,356,240,813,128,3,225,1053,530,131,399,80,319,523,436,87,274,268,6,779,262,517,148,148,128,45,119,77,171,182,182,135,136,141,109,165,137,91,49,36,25,38.59999847,36.5,41.5,4797468.37518311,9313.54313568168
127,Franklintown,1193,133,910,5,18,0,57,70,86,541,652,554,498,56,123,375,30,8,18,498,290,114,176,39,137,208,173,35,179,177,2,319,113,206,99,93,69,16,41,83,141,141,84,23,49,56,16,59,70,48,29,11,11,33.79999924,29.29999924,37.40000153,16573390.7341919,22911.8012831601
128,Franklintown Road,1338,9,1275,6,1,0,15,32,12,613,725,821,596,225,229,367,79,40,106,596,342,98,244,51,193,254,222,32,164,163,1,432,179,253,76,74,101,28,53,22,84,83,73,79,57,95,60,139,91,47,24,20,34,42.5,41.5,42.70000076,3388871.76733398,8145.42941704707
129,Garwyn Oaks,1349,69,1186,2,7,0,26,59,36,625,724,524,452,72,229,223,38,0,34,452,315,110,205,46,159,137,122,15,148,147,1,304,168,136,76,67,95,28,78,59,99,74,97,64,62,78,28,109,90,57,55,25,40,40.70000076,40,41,3661971.61895752,8081.28993460079
130,Gay Street,1728,37,1623,2,17,0,8,41,19,742,986,873,776,97,85,691,35,1,61,776,378,63,315,41,274,398,334,64,276,271,5,500,107,393,148,178,127,46,99,71,116,140,99,42,91,81,26,113,99,68,66,39,17,32.90000153,29.79999924,36.59999847,3051014.05010986,7140.56223567091
131,Glen,7766,2878,4156,14,90,1,318,309,397,3584,4182,3692,3391,301,1561,1830,131,32,138,3391,1686,983,703,186,517,1705,1528,177,747,740,7,2644,946,1698,523,474,480,123,330,247,429,419,410,361,362,420,263,573,591,449,336,225,313,43.09999847,40.70000076,46.20000076,20832572.0326538,21572.3351484147
132,Glen Oaks,2678,184,2295,8,13,0,58,120,105,1179,1499,1266,1157,109,548,609,77,5,27,1157,712,269,443,87,356,445,373,72,365,363,2,792,349,443,170,162,183,47,144,146,241,188,171,144,134,145,99,200,130,116,63,21,22,36.90000153,34.79999924,38,7508690.93890381,13894.2236597307
133,Hamilton,5981,1606,3911,27,68,6,96,267,159,2718,3263,2555,2299,256,1581,718,97,61,98,2299,1455,719,736,148,588,844,692,152,690,683,7,1609,772,837,320,368,402,88,265,191,360,441,441,417,352,409,192,416,363,236,143,99,109,40.79999924,38.09999847,41.70000076,20892371.8009644,19396.4183769701
134,Graceland Park,2156,881,244,33,36,1,696,265,1049,1111,1045,806,748,58,502,246,21,2,35,748,496,304,192,63,129,252,182,70,260,255,5,488,241,247,156,165,147,28,108,60,156,199,199,129,97,110,65,138,99,92,63,31,21,36.59999847,36.40000153,37.29999924,8711518.08166504,17765.0804159029
135,Greektown,4757,2153,361,71,168,1,1544,459,2073,2436,2321,2007,1795,212,1000,795,74,38,100,1795,1026,626,400,154,246,769,510,259,562,558,4,1233,468,765,384,306,295,80,175,172,580,687,499,384,208,169,92,196,126,88,67,56,49,32.79999924,32.70000076,33.59999847,6175459.75561523,13707.5401770729
136,Greenmount Cemetery,0,0,0,0,0,0,0,0,0,0,0,0,0,0,0,0,0,0,0,0,0,0,0,0,0,0,0,0,0,0,0,0,0,0,0,0,0,0,0,0,0,0,0,0,0,0,0,0,0,0,0,0,0,,,,2981547.8447876,6953.44142508638
137,Greenmount West,1683,520,955,6,50,1,29,122,93,801,882,1026,864,162,195,669,64,13,85,864,305,126,179,39,140,559,443,116,143,141,2,721,164,557,92,70,65,8,83,103,258,243,198,96,68,85,42,86,50,37,14,14,10,33.29999924,34,33.59999847,2790055.88494873,7361.40072863728
138,Greenspring,2718,35,2551,3,3,0,35,91,39,1215,1503,1316,1033,283,419,614,112,8,163,1033,669,159,510,86,424,364,316,48,352,352,0,681,317,364,191,205,200,45,111,106,199,215,174,158,122,149,80,171,180,104,60,62,27,37.20000076,34.40000153,37.09999847,4846602.35791016,9655.0082964736
139,Grove Park,1776,35,1646,10,5,0,27,53,41,735,1041,923,849,74,460,389,42,16,16,849,482,195,287,49,238,367,313,54,189,188,1,660,294,366,94,84,88,24,89,72,121,113,111,81,78,124,43,144,91,88,94,48,88,44.90000153,38.59999847,47.79999924,9570839.45159912,12782.1035484753
140,Guilford,1990,1457,230,0,110,0,19,174,92,1012,978,804,755,49,662,93,12,16,21,755,576,512,64,21,43,179,125,54,234,233,1,521,343,178,92,105,134,55,61,63,84,80,119,117,132,178,88,150,152,141,71,23,35,45.40000153,43,46.09999847,15414967.4907227,19126.3316364289
141,Gwynns Falls,952,414,355,3,34,0,82,64,98,488,464,461,363,98,181,182,30,10,58,363,201,81,120,20,100,162,111,51,97,93,4,266,108,158,65,59,61,18,42,26,44,79,75,62,54,57,47,72,67,40,24,11,7,39.79999924,39.5,43.09999847,4981463.81787109,10140.8123858858
142,Hampden,7346,5951,432,18,368,0,85,492,312,3562,3784,4318,3925,393,2023,1902,162,40,191,3925,1495,1147,348,115,233,2430,1635,795,528,519,9,3397,976,2421,358,189,139,33,123,266,1123,1364,866,497,369,331,171,384,300,269,175,99,83,37.40000153,38.40000153,37.09999847,17132058.7457886,19321.0056198701
143,Hanlon-Longwood,2240,35,2104,2,9,1,27,62,52,1012,1228,1044,839,205,487,352,95,23,87,839,525,175,350,80,270,314,259,55,266,265,1,573,260,313,114,147,153,48,79,79,151,153,146,143,98,143,86,174,153,83,53,30,70,41.70000076,39.20000076,43,12066118.2688599,15981.800291804
144,Hamilton Hills,9649,1914,6962,39,70,4,219,441,339,4354,5295,4463,4183,280,1895,2288,138,51,91,4183,2425,1120,1305,298,1007,1758,1405,353,1258,1249,9,2925,1176,1749,645,593,562,134,477,382,833,834,672,545,562,659,294,680,516,350,202,89,97,38.40000153,37,38.70000076,31845232.6981812,26499.6707140278
145,Harlem Park,2582,74,2351,0,23,1,46,87,70,1256,1326,1788,1256,532,282,974,195,20,317,1256,510,129,381,92,289,746,655,91,262,257,5,994,253,741,150,118,116,49,109,62,192,202,167,155,115,165,101,224,201,168,60,53,39,43.40000153,41.59999847,44.40000153,8702567.46801758,12561.4929732508
146,Heritage Crossing,918,31,828,3,4,0,19,33,28,410,508,405,377,28,145,232,10,5,13,377,218,46,172,15,157,159,118,41,101,99,2,276,119,157,51,71,59,32,43,39,74,81,33,39,52,82,38,75,36,14,11,8,9,37.79999924,33.20000076,39.40000153,2391327.27246094,7690.70174018098
147,Herring Run Park,0,0,0,0,0,0,0,0,0,0,0,0,0,0,0,0,0,0,0,0,0,0,0,0,0,0,0,0,0,0,0,0,0,0,0,0,0,0,0,0,0,0,0,0,0,0,0,0,0,0,0,0,0,,,,6656661.85058594,12259.1988704878
148,Hillen,2114,104,1922,0,10,0,12,66,27,904,1210,1012,900,112,722,178,37,14,61,900,493,183,310,44,266,407,333,74,220,217,3,680,276,404,76,88,154,37,105,66,156,143,108,115,103,118,64,162,165,143,83,69,41,44.40000153,42.09999847,47.09999847,4708093.07037354,9383.32235138312
149,Holabird Industrial Park,27,10,1,0,0,0,6,10,16,15,12,5,0,5,0,0,0,2,3,0,0,0,0,0,0,0,0,0,0,0,0,0,0,0,5,5,3,0,1,0,4,2,1,0,0,1,1,1,1,0,1,0,0,17.70000076,28.79999924,12,15728190.9337769,32084.2456176278
150,Hollins Market,1716,430,1030,5,62,0,91,98,141,866,850,1054,805,249,211,594,99,20,130,805,346,123,223,58,165,459,336,123,192,183,9,613,163,450,79,81,109,29,72,102,212,210,171,117,81,97,54,96,59,34,9,15,12,34.20000076,34.90000153,32.5,2980982.58953857,7918.92099702479
151,Homeland,3186,2464,329,6,125,0,29,233,151,1573,1613,1169,1103,66,954,149,21,21,24,1103,824,735,89,27,62,279,232,47,408,406,2,695,418,277,175,217,232,78,125,64,72,159,224,215,233,244,131,203,220,170,97,60,53,43.59999847,39.09999847,44.20000076,17156886.4194336,18269.7758171685
152,Hopkins Bayview,112,56,41,0,1,0,12,2,15,41,71,106,97,9,1,96,1,0,8,97,13,9,4,2,2,84,71,13,2,2,0,95,11,84,8,0,0,0,0,1,0,9,5,4,0,13,0,4,14,21,7,5,21,68.69999695,53.79999924,71.90000153,11526495.9794312,16481.4113957872
153,Howard Park,5057,128,4563,23,30,7,143,163,189,2390,2667,2350,2064,286,1442,622,92,67,127,2064,1287,562,725,178,547,777,649,128,567,558,9,1497,729,768,246,262,290,78,186,153,314,309,288,263,288,345,181,369,366,282,174,185,168,45.40000153,42.09999847,48,29450607.5278931,25048.8162948861
154,Hunting Ridge,1326,331,889,1,17,0,19,69,53,584,742,608,574,34,382,192,17,3,14,574,336,191,145,42,103,238,210,28,125,125,0,449,211,238,46,83,83,20,65,50,69,98,86,69,88,94,25,111,75,64,66,26,13,41.90000153,37.20000076,46.5,7253137.30108643,11691.7333941864
155,Idlewood,2495,246,2097,9,17,2,30,94,84,1073,1422,1106,1033,73,746,287,33,24,16,1033,682,272,410,82,328,351,293,58,293,290,3,740,392,348,106,138,184,55,151,98,123,183,170,146,157,194,66,202,137,109,56,26,22,40.09999847,36.20000076,42.70000076,5783571.84661865,10221.6469307849
156,Irvington,3743,295,3206,10,32,2,48,150,98,1711,2032,1755,1506,249,628,878,136,29,84,1506,843,227,616,90,526,663,533,130,459,445,14,1047,398,649,223,279,247,63,208,173,251,236,205,194,233,168,121,270,239,151,96,72,73,39.29999924,35.59999847,40.90000153,24138986.3705444,27201.2249345995
157,Johns Hopkins Homewood,761,245,75,6,291,2,38,104,134,349,412,25,19,6,9,10,0,3,3,19,8,6,2,0,2,11,7,4,3,3,0,16,5,11,2,2,5,4,691,17,7,5,4,4,0,0,0,1,4,1,0,1,1,19.29999924,19.29999924,19.29999924,7154780.37646484,13203.9902757606
158,Johnston Square,1993,40,1859,6,11,0,22,55,41,866,1127,999,862,137,272,590,27,10,100,862,450,104,346,51,295,412,355,57,225,223,2,637,227,410,88,121,121,30,118,64,144,153,104,71,113,98,52,189,192,90,52,38,21,41.90000153,39.90000153,44.70000076,4763515.75738525,10537.3065672234
159,Jonestown,1306,364,770,11,88,0,25,48,48,683,623,390,351,39,70,281,23,2,14,351,166,55,111,24,87,185,133,52,102,102,0,249,64,185,54,65,61,19,56,53,124,142,130,101,72,122,49,92,41,26,9,6,6,37.5,36.79999924,37.29999924,3756028.60430908,8883.7851587524
160,Kenilworth Park,1166,44,1060,10,0,0,12,40,15,502,664,530,477,53,288,189,16,21,16,477,314,114,200,43,157,163,148,15,156,156,0,321,158,163,54,76,99,21,47,35,65,75,75,74,39,69,36,104,82,51,39,26,49,41.5,39.09999847,42.29999924,4045772.41021729,9251.30649050838
161,Kernewood,454,123,261,1,28,0,14,27,11,192,262,243,190,53,132,58,21,2,30,190,103,58,45,13,32,87,64,23,58,58,0,132,45,87,19,30,28,5,23,18,23,42,44,13,20,31,18,33,31,10,19,16,9,40.09999847,39.20000076,38.09999847,2162319.51904297,6778.70103944478
162,Kresson,476,127,59,9,3,0,249,29,289,225,251,193,168,25,73,95,4,0,21,168,88,26,62,24,38,80,60,20,53,50,3,115,38,77,37,46,29,8,20,19,35,36,37,41,31,28,14,24,16,7,4,4,3,33.70000076,34.5,33.09999847,7451119.53674316,13279.6569759485
163,Lake Evesham,540,453,44,0,13,0,6,24,21,252,288,247,226,21,185,41,9,5,7,226,170,147,23,9,14,56,40,16,65,65,0,161,105,56,27,20,32,13,52,25,12,21,58,26,51,36,16,53,21,25,24,2,4,40.09999847,35.09999847,43.5,1982906.82861328,6183.99387893387
164,Lake Walker,1944,916,792,4,86,0,55,91,110,926,1018,1211,1079,132,403,676,90,10,32,1079,409,270,139,38,101,670,572,98,158,156,2,921,253,668,79,67,70,29,105,127,112,118,127,136,118,123,62,152,157,106,99,32,37,44.5,40.5,46,5664464.94232178,10863.1097856963
165,Lakeland,4848,672,1945,63,127,0,1511,530,2063,2414,2434,1691,1541,150,536,1005,90,9,51,1541,1092,540,552,161,391,449,315,134,701,692,9,840,400,440,421,441,403,115,276,206,392,403,418,307,285,254,119,212,152,108,67,28,23,31.5,29.60000038,32,14839466.7846069,15740.9554094026
166,Langston Hughes,741,17,683,0,1,0,13,27,26,336,405,404,285,119,144,141,24,0,95,285,144,31,113,18,95,141,111,30,61,60,1,224,84,140,33,34,38,13,45,17,42,63,55,45,46,46,28,56,45,33,22,14,12,41.90000153,42,42.40000153,1686047.92059326,5160.78042476292
167,Lauraville,3759,1312,2049,11,52,5,88,242,159,1746,2013,1611,1421,190,1070,351,44,32,114,1421,926,528,398,81,317,495,387,108,410,406,4,1011,520,491,168,193,219,47,170,107,217,270,270,286,201,241,127,301,261,175,121,62,98,43.29999924,43.29999924,42.40000153,16481238.4260864,20791.9092704082
168,Levindale,1077,130,897,1,5,0,15,29,27,534,543,531,489,42,137,352,5,13,24,489,190,66,124,29,95,299,273,26,88,88,0,401,102,299,19,35,45,13,29,22,29,60,55,43,28,38,57,95,142,120,67,61,78,55.59999847,53.79999924,57.70000076,4263172.25567627,9163.88492709542
169,Liberty Square,804,19,753,0,6,0,6,20,11,344,460,551,463,88,71,392,37,7,44,463,181,56,125,19,106,282,256,26,84,81,3,379,100,279,36,31,32,13,21,22,25,47,37,39,49,47,33,93,70,44,41,29,24,51.79999924,46.90000153,55.29999924,3271388.01477051,8549.27240865158
170,Little Italy,674,425,59,6,88,0,40,56,77,363,311,437,373,64,156,217,32,4,28,373,143,102,41,14,27,230,164,66,42,42,0,331,101,230,23,16,22,7,17,77,53,67,98,42,45,44,24,46,36,16,16,11,4,39.59999847,39.5,42.40000153,1395406.08111572,5207.91945381451
171,Loch Raven,5611,278,4956,9,122,6,67,173,100,2344,3267,2975,2796,179,1088,1708,88,23,68,2796,1349,553,796,141,655,1447,1305,142,607,600,7,2189,749,1440,247,263,297,87,250,224,410,396,371,301,296,304,151,439,461,332,226,111,126,43.79999924,41.20000076,46.09999847,15910382.7156372,19140.25094438
172,Lower Herring Run Park,0,0,0,0,0,0,0,0,0,0,0,0,0,0,0,0,0,0,0,0,0,0,0,0,0,0,0,0,0,0,0,0,0,0,0,0,0,0,0,0,0,0,0,0,0,0,0,0,0,0,0,0,0,,,,2420774.33630371,8035.44366283202
173,Loyola/Notre Dame,3158,1417,241,0,1127,1,138,234,341,1233,1925,26,23,3,17,6,0,0,3,23,16,14,2,0,2,7,4,3,5,5,0,18,11,7,3,3,4,2,2382,666,62,3,1,0,1,5,0,7,9,6,1,0,1,20.79999924,21.20000076,20.79999924,8355260.10968018,17702.9798560727
174,Madison Park,1925,330,1492,6,14,1,16,66,48,835,1090,1312,1089,223,91,998,120,8,95,1089,409,94,315,72,243,680,550,130,257,253,4,832,156,676,78,142,100,32,87,103,222,215,186,106,90,78,67,138,76,39,17,18,19,35.79999924,34.59999847,38,4434925.14105225,14267.1851321533
175,Madison-Eastend,1824,69,1520,6,10,0,140,79,187,884,940,861,677,184,235,442,68,17,99,677,485,114,371,73,298,192,146,46,294,294,0,383,191,192,117,156,140,31,90,75,151,128,98,114,88,116,59,126,94,76,30,18,16,35.09999847,30.20000076,38.40000153,3005460.10327148,7249.96468458863
176,Mayfield,858,565,167,3,27,0,13,83,44,426,432,371,348,23,308,40,10,0,13,348,236,179,57,11,46,112,91,21,98,96,2,250,140,110,49,52,50,15,20,21,55,56,62,55,56,45,32,64,74,57,20,15,6,44.29999924,42.29999924,44.09999847,3558864.10125732,8031.02461220121
177,McElderry Park,3690,379,2281,38,51,0,600,341,935,1690,2000,1631,1184,447,318,866,171,51,225,1184,729,261,468,92,376,455,302,153,471,465,6,713,264,449,313,303,249,84,204,182,352,351,306,228,189,190,81,137,151,105,38,23,14,32,30.5,32.59999847,3523164.17321777,8045.87057740147
178,Medfield,2791,1797,387,11,367,1,51,177,155,1367,1424,1413,1318,95,747,571,31,18,46,1318,631,439,192,50,142,687,498,189,286,283,3,1032,348,684,129,104,120,33,78,115,331,380,281,183,190,160,96,144,132,105,52,16,37,37.29999924,36.70000076,39.40000153,7253163.31896973,10680.4213400217
179,Medford,1284,379,305,7,8,0,486,99,606,639,645,613,589,24,158,431,19,0,5,589,305,145,160,55,105,284,229,55,204,198,6,385,107,278,86,77,73,23,74,66,123,110,114,73,69,47,58,63,59,45,29,17,20,34.90000153,33.29999924,36.59999847,4289066.95361328,8539.23522193424
180,Mid-Govans,1302,83,1130,1,18,1,19,50,22,591,711,606,510,96,291,219,42,13,41,510,322,103,219,44,175,188,139,49,153,152,1,357,170,187,72,62,110,30,74,51,94,106,85,68,51,70,29,115,70,57,43,24,31,38.20000076,32.90000153,39.09999847,3590775.09802246,7206.57682174334
181,Mid-Town Belvedere,4666,2439,1101,26,624,0,111,365,361,2276,2390,3885,3161,724,411,2750,456,24,244,3161,538,382,156,58,98,2623,2046,577,144,140,4,3017,398,2619,86,43,39,13,167,500,1083,855,481,230,180,184,128,203,142,110,80,37,23,33.59999847,36.59999847,32.5,6158449.35681152,10705.6496621543
182,Middle East,1872,289,1176,6,279,0,24,98,67,853,1019,1130,952,178,171,781,78,10,90,952,354,110,244,50,194,598,491,107,195,193,2,757,161,596,84,75,76,16,70,161,317,213,118,91,97,55,37,141,96,55,53,32,36,38,36.40000153,35.79999924,5513437.25054932,9428.58740505682
183,Midtown-Edmondson,1096,22,1000,1,8,2,22,41,33,519,577,659,438,221,143,295,43,9,169,438,258,55,203,41,162,180,132,48,113,112,1,325,146,179,69,73,71,16,61,32,47,76,59,66,67,87,57,67,71,38,23,20,18,40.79999924,39.79999924,38.20000076,4232863.70593262,11582.469728727
184,Milton-Montford,1088,61,917,5,13,0,39,53,55,477,611,519,415,104,200,215,37,0,67,415,231,58,173,44,129,184,135,49,120,118,2,295,113,182,76,57,87,17,62,32,85,120,94,58,60,53,33,47,48,43,29,16,14,34.70000076,35.5,34.79999924,1553511.58563232,5002.65942835525
185,Mondawmin,2900,262,2222,2,273,0,45,96,74,1234,1666,1498,1006,492,355,651,62,14,416,1006,500,148,352,68,284,506,422,84,255,251,4,751,249,502,130,131,109,40,518,222,140,148,148,104,93,153,89,228,169,132,72,69,64,39.20000076,38,40.90000153,10504871.4295044,13082.720431649
186,Montebello,48,16,22,0,0,0,5,5,7,16,32,10,5,5,4,1,0,0,5,5,4,0,4,2,2,1,1,0,3,3,0,2,1,1,6,0,3,0,0,1,1,7,2,4,0,2,0,3,2,4,7,2,0,44.5,54.29999924,43,13036606.0494385,15567.7684055218
187,Morgan State University,1589,579,137,3,734,0,31,105,74,591,998,2,1,1,1,0,0,0,1,1,1,0,1,0,1,0,0,0,1,1,0,0,0,0,0,1,3,1,1190,358,25,6,2,0,0,0,0,0,0,0,0,0,0,20.89999962,20.89999962,21.10000038,7343676.21270752,20838.0063419838
188,Morrell Park,3970,2183,914,27,145,2,394,305,598,1963,2007,1791,1582,209,850,732,81,19,109,1582,941,478,463,125,338,641,480,161,471,464,7,1111,477,634,224,257,256,47,193,167,284,302,315,273,231,277,131,298,210,143,83,52,48,39.09999847,39.09999847,38.5,23249726.4685669,18925.6909830244
189,Mosher,1103,12,1044,3,0,0,13,31,20,499,604,670,424,246,197,227,38,15,193,424,270,96,174,36,138,154,130,24,137,134,3,287,136,151,76,79,72,19,45,35,74,80,65,59,41,67,27,83,71,51,43,21,22,39.59999847,36.5,42.70000076,3213050.28692627,7162.7034326683
190,Mount Clare,1811,474,911,6,33,2,252,133,366,936,875,928,625,303,190,435,92,45,166,625,355,124,231,77,154,270,193,77,224,217,7,401,138,263,123,139,140,52,66,90,150,163,186,127,91,118,49,84,67,30,26,4,11,34.59999847,32.5,37.20000076,3188342.75140381,7406.38857700291
191,Mount Vernon,5497,2838,1557,20,572,2,98,410,369,2713,2784,4562,3993,569,272,3721,420,12,137,3993,560,379,181,64,117,3433,2777,656,186,183,3,3807,377,3430,80,43,51,19,154,514,1283,984,479,274,197,178,172,256,272,183,109,86,49,36.40000153,37.79999924,36,6320202.8147583,11607.8415000952
192,Mount Washington,4090,2799,737,9,132,0,87,326,175,1895,2195,1913,1763,150,1280,483,70,14,66,1763,1095,860,235,43,192,668,560,108,494,491,3,1269,604,665,221,204,245,88,130,84,154,258,280,263,271,309,120,244,287,268,145,125,189,47.20000076,45.20000076,47.90000153,34606514.9234619,26938.9854517298
193,Mount Winans,725,23,588,3,3,1,49,58,63,288,437,314,269,45,137,132,27,4,14,269,194,44,150,23,127,75,64,11,100,100,0,169,94,75,18,54,79,17,45,22,46,76,59,29,46,42,9,49,33,30,23,4,13,37,30.70000076,40.20000076,2369814.54376221,6601.91754583314
194,New Northwood,4517,134,4125,4,50,0,60,144,69,1927,2590,2122,1941,181,926,1015,99,24,58,1941,1129,367,762,130,632,812,574,238,499,491,8,1442,638,804,202,232,229,66,256,276,380,330,294,232,260,269,130,312,190,208,187,135,90,39.40000153,38.29999924,41.70000076,8942176.21478271,15954.0461060427
195,North Harford Road,5069,2364,2107,8,100,2,177,311,335,2413,2656,2308,2134,174,1647,487,36,63,75,2134,1240,767,473,113,360,894,712,182,525,519,6,1609,721,888,239,288,280,88,209,172,293,370,412,353,330,350,187,410,274,186,133,98,94,41.5,41.40000153,43.29999924,17848687.8446655,19410.2130303832
196,North Roland Park/Poplar Hill,1367,984,229,0,53,0,29,72,60,654,713,656,603,53,365,238,37,0,16,603,364,286,78,21,57,239,198,41,163,163,0,440,201,239,52,60,88,32,45,68,53,73,71,84,81,102,50,80,92,109,71,57,33,47.20000076,46.29999924,46.40000153,17101829.9848022,19399.2323101715
197,Northwest Community Action,1378,18,1310,3,0,0,12,35,16,650,728,701,567,134,219,348,54,7,73,567,345,67,278,41,237,222,175,47,187,186,1,380,159,221,80,92,94,34,84,46,74,92,62,63,79,107,57,116,82,38,52,7,27,40.90000153,35.70000076,43,3261244.55041504,8610.62359977547
198,Oakenshawe,971,619,106,3,125,0,28,90,68,505,466,511,455,56,243,212,21,7,28,455,200,140,60,21,39,255,177,78,78,76,2,377,124,253,43,23,29,11,95,114,97,99,72,43,52,56,20,53,40,39,22,14,5,36.09999847,34.79999924,35.29999924,1740838.3338623,5913.7267476653
199,Oldtown,2370,59,2191,5,5,0,34,76,58,1014,1356,1214,1137,77,143,994,49,0,28,1137,568,87,481,56,425,569,492,77,387,383,4,750,185,565,207,210,195,50,84,53,179,166,161,142,107,151,63,178,113,82,50,25,17,36,29.70000076,37.5,4680034.54534912,9583.10299916004
200,Oliver,3771,54,3536,16,10,0,49,106,78,1772,1999,1998,1489,509,487,1002,171,25,313,1489,820,169,651,154,497,669,541,128,442,437,5,1047,383,664,243,246,274,76,199,152,255,254,255,223,181,210,171,270,210,117,80,37,46,38.70000076,36.29999924,37.5,7335167.9932251,10859.5710607212
201,Orangeville,200,86,35,7,6,0,29,37,64,105,95,95,80,15,27,53,12,2,1,80,55,30,25,12,13,25,12,13,36,36,0,44,19,25,20,16,11,5,9,5,12,12,19,19,11,17,4,6,12,2,2,1,4,33.79999924,34.59999847,31.70000076,10316694.7017212,15683.3287174981
202,Original Northwood,1155,402,683,0,9,1,12,48,32,586,569,534,473,61,284,189,19,14,28,473,265,163,102,38,64,208,172,36,131,131,0,342,134,208,61,49,64,22,37,23,60,71,95,81,53,66,51,102,85,73,55,24,23,47.59999847,47.70000076,43.5,4805869.5032959,10606.2554839931
203,Overlea,797,363,312,6,13,2,25,76,39,433,364,307,270,37,228,42,13,11,13,270,172,102,70,22,48,98,67,31,78,75,3,192,97,95,28,59,66,31,80,16,78,46,49,48,53,52,23,42,33,26,12,17,12,36.09999847,35,39.40000153,8481100.22674561,13972.6599782188
204,Panway/Braddish Avenue,1280,12,1212,6,2,0,2,46,15,523,757,627,536,91,280,256,43,15,33,536,302,74,228,45,183,234,207,27,160,154,6,376,148,228,68,83,79,16,72,29,115,86,103,65,73,74,30,76,81,53,34,15,28,39.59999847,33.90000153,44.90000153,2427301.38122559,7522.97725473494
205,Park Circle,2437,138,2176,9,6,3,29,76,52,1178,1259,1397,1109,288,380,729,55,16,217,1109,482,164,318,82,236,627,565,62,198,195,3,911,287,624,118,136,163,50,87,70,123,168,109,133,131,151,120,229,206,138,81,51,66,47,47.40000153,46.20000076,8647647.23449707,14102.9452646808
206,Parklane,1796,78,1657,8,2,0,12,39,44,834,962,810,686,124,284,402,51,9,64,686,418,116,302,59,243,268,222,46,204,204,0,482,214,268,96,129,107,49,88,82,104,126,123,103,92,108,49,142,91,74,45,43,53,40.20000076,38.5,41.70000076,3452511.22271729,8235.91882406219
207,Patterson Park,19,6,0,0,0,0,1,12,7,6,13,1,1,0,0,1,0,0,0,1,0,0,0,0,0,1,1,0,0,0,0,1,0,1,1,3,0,0,1,1,5,6,0,1,0,0,0,0,0,0,0,0,0,29.20000076,31.29999924,22.5,6310100.39831543,10777.3066790107
208,Patterson Place,1171,496,334,8,72,0,161,100,234,609,562,538,465,73,300,165,21,14,38,465,227,113,114,35,79,238,144,94,100,99,1,365,128,237,63,44,58,27,42,76,200,187,119,88,43,61,32,49,23,18,4,5,6,31.89999962,32.5,31.79999924,1059435.21380615,4249.18555848293
209,Pen Lucy,2741,186,2372,8,17,0,25,133,50,1249,1492,1516,1340,176,388,952,58,10,108,1340,564,160,404,73,331,776,668,108,310,306,4,1030,258,772,132,137,176,39,148,134,200,200,211,141,160,182,124,204,146,97,64,43,30,39.29999924,37.5,40,4787084.35058594,9281.78191632559
210,Penn North,1613,50,1486,1,9,0,14,53,37,780,833,1043,712,331,216,496,69,16,246,712,353,82,271,56,215,359,304,55,168,165,3,544,188,356,101,88,124,32,83,43,126,123,95,100,79,96,62,123,111,53,45,25,30,38.90000153,38.70000076,40,3769467.21392822,8972.28330730659
211,Penrose/Fayette Street Outreach,2514,39,2367,4,9,0,21,74,40,1139,1375,1408,971,437,402,569,96,19,322,971,565,146,419,89,330,406,336,70,262,260,2,709,305,404,145,168,139,45,116,98,168,194,151,114,147,149,85,190,155,98,71,52,63,40.5,39.79999924,42.29999924,10378375.2850342,18043.7627295755
212,Perkins,858,28,773,3,9,0,18,27,33,318,540,621,347,274,12,335,48,3,223,347,193,30,163,9,154,154,125,29,132,132,0,215,61,154,53,89,108,24,43,30,53,79,69,40,28,56,18,40,37,13,12,4,1,30.39999962,24.10000038,32.70000076,1038722.55297852,4081.63808243872
213,Perring Loch,2752,81,2572,0,13,2,11,73,26,1147,1605,1162,1090,72,933,157,27,25,20,1090,724,308,416,49,367,366,314,52,291,281,10,799,443,356,113,137,193,62,135,61,130,155,147,176,133,194,65,188,213,204,148,75,51,46.40000153,41.79999924,48.70000076,6093945.97235107,10665.039368051
214,Poppleton,2910,70,2664,6,4,1,36,129,48,1263,1647,1584,1275,309,156,1119,237,15,57,1275,669,97,572,73,499,606,547,59,474,469,5,801,200,601,226,234,261,85,144,79,198,208,179,142,120,203,90,197,156,78,59,57,27,35.09999847,28.20000076,39.40000153,5080538.7947998,9331.79863385726
215,Pulaski Industrial Area,171,32,40,9,13,0,35,42,83,95,76,34,29,5,15,14,1,1,3,29,22,7,15,0,15,7,6,1,20,20,0,9,2,7,11,24,13,4,16,10,9,10,18,10,9,7,3,8,5,4,0,0,1,26.89999962,29.70000076,26.70000076,55014324.8024902,64183.5193431324
216,Radnor-Winston,552,275,200,4,14,1,5,53,27,286,266,245,223,22,142,81,1,6,15,223,123,83,40,10,30,100,85,15,60,60,0,163,63,100,34,34,31,7,23,16,20,30,54,30,21,37,23,37,34,46,15,16,18,44.90000153,42.09999847,47,2079220.91326904,6230.45893239269
217,Ramblewood,1670,53,1512,5,26,0,27,47,35,748,922,707,663,44,542,121,15,13,16,663,436,196,240,43,197,227,195,32,186,185,1,477,251,226,70,92,105,41,73,67,75,102,109,105,80,98,60,141,139,91,37,32,21,43.90000153,37.70000076,47.20000076,4368862.45202637,8689.02983568287
218,Remington,2678,1595,319,9,450,0,153,152,246,1360,1318,1386,1255,131,508,747,24,16,91,1255,409,262,147,51,96,846,486,360,163,158,5,1092,251,841,103,78,66,17,152,255,503,454,247,140,123,121,58,99,76,53,40,7,7,32.59999847,31.79999924,33.29999924,6840397.56793213,12683.7413306769
219,Reservoir Hill,5263,676,4162,22,54,3,67,279,139,2524,2739,3336,2791,545,822,1969,264,28,253,2791,1078,387,691,181,510,1713,1441,272,576,567,9,2215,511,1704,255,257,252,69,205,167,419,515,445,339,314,374,235,409,300,190,111,48,68,40.59999847,41.20000076,41,8493605.48431396,13875.5494395449
220,Richnor Springs,652,15,576,1,1,0,24,35,25,316,336,295,242,53,169,73,24,5,24,242,138,48,90,22,68,104,86,18,65,65,0,177,73,104,36,56,26,24,46,18,48,38,63,35,17,31,12,30,48,39,9,8,17,39,29.39999962,41.90000153,933722.502258301,4383.76174012409
221,Ridgely's Delight,817,496,140,1,88,0,22,70,55,396,421,489,414,75,141,273,41,14,20,414,107,76,31,11,20,307,190,117,41,41,0,373,66,307,28,29,9,3,19,108,231,130,74,26,30,33,17,20,20,7,8,4,6,29.79999924,32.20000076,30.79999924,1369035.66766357,5157.70695687327
222,Rognel Heights,1535,23,1453,2,1,0,10,46,35,699,836,703,622,81,501,121,30,14,37,622,405,151,254,57,197,217,182,35,169,166,3,453,239,214,51,82,100,34,72,32,77,94,88,73,95,98,69,134,80,67,54,81,67,47.59999847,41.90000153,49.29999924,4736549.40362549,8705.37729548735
223,Roland Park,4895,3535,389,8,560,1,55,347,212,2324,2571,2285,2128,157,1160,968,82,26,49,2128,1059,890,169,43,126,1069,869,200,459,456,3,1669,603,1066,171,227,239,57,187,345,352,321,272,240,262,349,135,290,282,273,198,163,309,46.40000153,46.70000076,46.79999924,26694668.0325317,34803.6412553305
224,Rosebank,403,190,153,0,10,0,12,38,26,201,202,244,233,11,95,138,0,4,7,233,96,56,40,8,32,137,91,46,41,41,0,192,55,137,10,8,26,0,26,8,20,38,29,26,25,31,18,36,26,28,13,11,5,41.79999924,40.79999924,42.29999924,1843468.29296875,7006.65539035812
225,Saint Paul,122,46,20,2,1,0,26,27,38,64,58,38,22,16,21,1,0,0,16,22,8,3,5,1,4,14,12,2,6,6,0,16,2,14,7,16,11,6,7,13,15,8,5,3,3,7,1,5,5,2,0,0,0,23.70000076,28.5,29.20000076,2620286.13909912,7942.54991729825
226,Sandtown-Winchester,6162,128,5741,9,27,4,65,188,109,2766,3396,3176,2438,738,928,1510,120,21,597,2438,1440,301,1139,203,936,998,801,197,844,835,9,1594,605,989,344,442,394,135,260,225,382,414,399,362,336,443,245,507,332,223,147,64,91,40.5,36.90000153,41.90000153,11332398.7055664,14215.8061201107
227,Seton Business Park,172,23,146,0,0,0,0,3,2,74,98,1,1,0,0,1,0,0,0,1,1,1,0,0,0,0,0,0,1,1,0,0,0,0,0,0,1,0,0,0,0,0,0,1,5,4,5,26,27,23,10,17,41,70.69999695,66.59999847,79.30000305,10898048.1480103,16332.3073083375
228,Seton Hill,1129,203,813,1,17,1,11,83,38,527,602,713,636,77,54,582,43,0,34,636,233,56,177,39,138,403,339,64,142,141,1,494,92,402,68,56,59,14,38,60,114,113,73,59,63,76,32,100,56,44,10,18,7,38.29999924,36.70000076,37.29999924,2077779.83642578,6754.40898112221
229,Sharp-Leadenhall,1260,569,569,2,48,0,18,54,45,672,588,695,605,90,40,565,63,12,15,605,155,62,93,22,71,450,283,167,58,56,2,547,99,448,56,55,50,7,41,159,309,152,103,55,48,40,39,52,29,14,11,5,2,29.60000038,32.09999847,27.89999962,1924411.15789795,5666.50568876106
230,Shipley Hill,1404,45,1275,8,3,2,26,45,44,643,761,844,601,243,230,371,69,0,174,601,367,101,266,63,203,234,177,57,192,191,1,409,176,233,63,103,100,22,64,52,145,80,94,63,72,99,43,88,80,72,35,15,39,38.59999847,36.29999924,42.5,5000414.97808838,11586.4046292387
231,South Clifton Park,567,20,510,1,0,0,8,28,12,264,303,339,225,114,125,100,53,3,58,225,118,26,92,28,64,107,100,7,53,52,1,172,66,106,33,19,20,13,29,20,48,33,21,29,21,28,24,46,51,39,7,17,25,46.09999847,41.29999924,47.70000076,2627229.84521484,9640.35674947549
232,Ten Hills,1280,401,755,8,10,0,17,89,27,593,687,696,679,17,279,400,15,1,1,679,372,205,167,42,125,307,266,41,168,166,2,511,206,305,57,48,45,21,40,38,154,95,90,86,63,104,49,82,81,77,40,19,10,41.79999924,43.70000076,40.20000076,9288997.58355713,14037.7497482492
233,The Orchards,566,425,66,0,30,0,4,41,22,245,321,197,186,11,172,14,5,3,3,186,158,138,20,3,17,28,18,10,76,76,0,110,82,28,34,43,53,12,32,15,11,42,29,41,28,28,25,26,32,36,29,7,9,38.40000153,33.90000153,39.40000153,5893420.1809082,12767.0337049019
234,Towanda-Grantley,988,44,866,5,2,1,23,47,40,473,515,535,386,149,152,234,40,1,108,386,218,66,152,36,116,168,141,27,105,103,2,281,115,166,42,55,38,13,41,23,73,89,49,38,68,54,40,101,57,68,33,24,26,45.79999924,45.90000153,45.20000076,3917556.12237549,9536.52265362979
235,Tremont,889,63,772,0,4,0,17,33,24,401,488,414,366,48,158,208,29,4,15,366,205,67,138,5,133,161,144,17,85,84,1,281,121,160,41,73,46,19,55,45,61,74,53,56,38,55,27,77,32,34,22,14,16,38,36.09999847,40.20000076,1121936.1451416,4556.59430196059
236,Tuscany-Canterbury,3738,2054,171,2,1182,0,59,270,174,1831,1907,2424,2230,194,738,1492,83,28,83,2230,614,490,124,43,81,1616,1202,414,194,192,2,2036,422,1614,101,56,50,19,387,570,539,372,187,131,102,127,63,143,188,214,171,140,96,35.79999924,35.40000153,35.70000076,4060542.67584229,9293.52790479634
237,Union Square,1011,256,634,7,6,2,26,80,57,458,553,597,446,151,153,293,42,1,108,446,218,98,120,24,96,228,185,43,109,106,3,337,112,225,49,67,60,13,38,37,81,88,98,77,59,62,45,86,44,24,12,4,10,38,42.09999847,36.70000076,1848251.25683594,5897.72777143811
238,Uplands,1270,40,1108,8,24,0,14,76,33,529,741,599,534,65,338,196,46,5,14,534,314,142,172,26,146,220,176,44,158,156,2,376,158,218,96,51,53,33,43,57,126,91,126,76,59,80,37,79,49,75,22,18,17,37.5,36.59999847,40.09999847,5605047.67785645,10028.4261837511
239,Upper Fells Point,3959,2756,175,19,227,0,371,411,720,1927,2032,2193,1857,336,901,956,139,38,159,1857,687,498,189,67,122,1170,645,525,300,291,9,1557,396,1161,197,128,113,11,72,390,889,653,440,201,186,172,92,120,97,59,37,16,17,31.60000038,33.79999924,30.60000038,3544659.00537109,8692.29041330338
240,Villages of Homeland,487,303,111,2,51,0,2,18,27,209,278,332,305,27,172,133,7,8,12,305,114,72,42,9,33,191,165,26,55,55,0,250,59,191,18,20,18,0,30,35,42,49,38,26,31,43,17,32,21,25,14,2,5,38.40000153,36,41.70000076,873857.932556152,3701.63914083332
241,Violetville,2403,1535,533,10,62,1,78,184,155,1057,1346,1127,1039,88,596,443,45,9,34,1039,490,261,229,72,157,549,462,87,243,238,5,796,252,544,131,112,110,25,110,72,169,183,145,146,140,142,58,139,128,133,115,76,174,46.79999924,44.20000076,48.79999924,16518678.1942139,17867.3371843716
242,Walbrook,2244,39,2087,8,9,0,16,85,26,1029,1215,1135,911,224,399,512,90,13,121,911,522,153,369,50,319,389,323,66,247,245,2,664,277,387,117,150,169,43,119,67,141,164,135,124,101,130,81,190,139,99,66,30,48,40.40000153,38.5,42.40000153,5566722.69085693,11197.5837107908
243,Waltherson,6181,1328,4295,30,80,1,149,298,245,2898,3283,2753,2477,276,1844,633,89,70,117,2477,1602,803,799,199,600,875,686,189,743,733,10,1734,869,865,337,338,398,113,310,187,375,481,437,398,439,444,188,475,390,247,133,98,53,40.5,38.70000076,40,20605512.5392456,22359.4659078215
244,Washington Hill,2364,752,965,20,239,2,189,197,361,1109,1255,1335,1184,151,276,908,50,17,84,1184,446,192,254,57,197,738,557,181,222,219,3,962,227,735,84,91,144,30,72,133,420,339,212,118,85,99,49,106,152,71,39,22,12,34.5,33.20000076,34.29999924,4382482.08154297,10185.2083917614
245,Washington Village/Pigtown,4823,1452,2591,19,303,2,130,326,276,2318,2505,2744,2231,513,991,1240,212,67,234,2231,1011,420,591,121,470,1220,911,309,506,488,18,1725,523,1202,236,258,237,52,171,229,686,648,466,302,246,268,119,264,174,114,83,35,37,34.59999847,34.40000153,34.59999847,9103214.31323242,16899.0940507203
246,Waverly,2383,501,1680,5,32,1,45,119,93,1116,1267,1233,1038,195,567,471,74,32,89,1038,527,227,300,64,236,511,374,137,221,213,8,817,314,503,114,111,107,39,97,104,195,205,193,180,111,171,88,166,115,126,76,39,30,40.70000076,40.79999924,43.20000076,4328906.96966553,8547.81739311024
247,West Arlington,1773,73,1536,10,13,1,53,87,92,816,957,836,688,148,326,362,38,23,87,688,373,149,224,47,177,315,283,32,191,188,3,497,185,312,93,73,73,23,82,59,101,116,119,70,96,98,103,129,148,106,68,64,45,47.59999847,41.09999847,48.29999924,7599062.91381836,11606.8080072435
248,West Forest Park,2156,63,1978,4,7,0,30,74,54,934,1222,1108,938,170,408,530,81,10,79,938,525,170,355,72,283,413,358,55,274,270,4,664,255,409,112,148,134,34,106,82,165,165,129,125,135,157,81,125,122,53,61,55,38,39.5,37.29999924,41.20000076,10308533.6634521,20335.2163151349
249,Westfield,3111,1160,1572,18,29,3,98,231,174,1453,1658,1351,1248,103,967,281,35,27,41,1248,801,479,322,84,238,447,339,108,386,383,3,862,418,444,149,200,201,57,128,86,177,228,258,224,243,225,124,211,166,107,81,30,39,40.70000076,38,43.5,11958387.4431152,14412.8510204172
250,Westgate,2647,649,1726,5,51,2,72,142,157,1224,1423,1186,1110,76,508,602,38,3,35,1110,631,333,298,67,231,479,381,98,303,302,1,807,329,478,177,149,150,36,121,98,212,248,219,173,178,145,92,151,133,106,78,32,26,38.20000076,38.09999847,40,9275797.14117432,18857.3372428304
251,Westport,1287,97,1099,8,8,0,23,52,27,593,694,639,471,168,155,316,93,14,61,471,322,70,252,32,220,149,121,28,197,192,5,274,130,144,129,114,126,22,69,35,83,92,78,66,52,89,55,82,30,33,25,24,14,33.59999847,31.29999924,35.20000076,14476549.9310913,23997.3123532578
252,Winchester,1144,17,1081,1,0,0,5,40,18,573,571,576,395,181,158,237,47,15,119,395,264,41,223,30,193,131,91,40,128,122,6,267,142,125,63,82,89,20,97,52,48,67,69,58,61,73,29,86,64,49,20,21,34,40.20000076,35.20000076,44.59999847,2257710.22033691,8733.56849311172
253,Windsor Hills,1498,76,1330,1,13,0,25,53,20,702,796,720,621,99,376,245,25,15,59,621,374,154,220,44,176,247,196,51,175,170,5,446,204,242,69,93,64,22,65,52,102,94,104,78,88,67,76,156,89,88,42,19,40,43.29999924,44.70000076,43.90000153,6529974.28411865,11150.2318667276
254,Winston-Govans,1268,67,1159,0,0,0,10,32,35,535,733,542,426,116,173,253,30,16,70,426,272,85,187,29,158,154,130,24,142,141,1,284,131,153,79,97,116,25,56,39,70,88,70,90,81,83,39,96,55,46,27,19,21,37.29999924,35.5,39.90000153,3154658.88189697,7380.5863187428
255,Woodberry,1253,868,222,10,32,2,34,85,66,619,634,733,606,127,380,226,60,29,38,606,277,178,99,30,69,329,251,78,112,111,1,494,166,328,52,48,33,21,27,27,99,157,125,102,80,80,36,74,74,79,25,21,54,44.59999847,42.5,45.40000153,14913021.0405884,18282.9359312919
256,Woodbourne-McCabe,813,15,748,1,0,0,20,29,38,363,450,371,312,59,147,165,21,1,37,312,201,60,141,23,118,111,85,26,117,113,4,195,88,107,41,60,67,22,39,28,63,57,64,43,33,45,27,58,37,20,38,24,9,38.70000076,35.29999924,39.29999924,2094037.52593994,6195.15266614035
257,Woodmere,1836,35,1671,16,7,0,35,72,67,854,982,856,723,133,477,246,36,18,79,723,437,173,264,70,194,286,240,46,151,149,2,572,288,284,79,97,86,26,84,53,153,111,85,101,107,120,78,134,141,108,72,53,37,44.29999924,36.59999847,46.5,7202672.92004395,11831.7690888264
258,Wyman Park,1101,890,29,0,72,0,15,95,44,556,545,573,530,43,308,222,15,8,20,530,215,169,46,19,27,315,243,72,80,79,1,450,136,314,78,53,32,8,26,38,106,124,179,100,44,32,30,51,67,41,25,17,11,36.40000153,33.70000076,38.59999847,3073352.50158691,9834.30855988555
259,Yale Heights,2527,151,2198,7,45,0,23,103,71,1128,1399,1141,1055,86,414,641,54,13,19,1055,636,200,436,75,361,419,315,104,368,362,6,687,274,413,177,154,164,41,124,104,220,210,177,194,151,166,65,174,109,86,54,19,18,36.29999924,33.59999847,37.40000153,5264130.09448242,10713.0878078955
260,Wilhelm Park,634,217,288,5,17,0,59,48,76,303,331,290,251,39,111,140,16,4,19,251,129,38,91,21,70,122,93,29,84,82,2,167,47,120,30,51,46,5,43,22,40,32,52,36,31,58,17,54,31,18,14,8,3,39.90000153,43.29999924,38.40000153,12430318.5098877,19044.4907975562
261,Downtown West,356,187,72,1,84,0,4,8,17,166,190,289,236,53,14,222,18,0,35,236,45,35,10,3,7,191,156,35,12,11,1,224,34,190,11,3,6,2,8,29,150,82,34,8,0,9,1,5,1,4,0,1,0,29.70000076,28.70000076,29.70000076,3058428.74768066,8317.72542991614
262,Belair-Edison,14680,783,13160,48,60,3,177,449,304,6498,8182,6417,5612,805,3349,2263,319,103,383,5612,3716,1189,2527,369,2158,1896,1578,318,1857,1835,22,3755,1881,1874,859,921,1109,317,803,511,887,954,1075,982,758,977,459,1110,839,576,243,174,137,38.59999847,35.09999847,41,22813166.5141602,25163.8544229064
263,Four By Four,1156,35,1068,1,7,1,7,37,27,535,621,585,441,144,192,249,61,12,71,441,312,77,235,55,180,129,97,32,175,175,0,266,137,129,85,74,83,36,49,42,89,84,72,70,47,79,31,84,56,40,29,21,12,36.29999924,32.40000153,38.5,2156701.06097412,6609.73142386187
264,Charles Village,8749,4072,1479,31,2094,9,273,791,834,4352,4397,4421,3810,611,587,3223,380,27,204,3810,760,484,276,81,195,3050,2162,888,282,273,9,3528,487,3041,173,103,96,36,2770,1155,1219,856,503,248,210,240,137,285,188,176,117,46,44,28.5,29,28.10000038,7341923.77850342,13995.0780410912
265,Old Goucher,672,186,359,3,45,1,44,34,60,346,326,404,355,49,52,303,17,0,32,355,99,55,44,19,25,256,187,69,38,38,0,317,61,256,16,9,4,5,24,34,110,72,75,34,26,33,34,42,44,33,19,14,14,41.90000153,45.5,43.09999847,1614209.98205566,5092.41541802208
266,Canton Industrial Area,108,36,3,1,2,0,43,23,61,58,50,22,21,1,13,8,0,0,1,21,13,7,6,2,4,8,3,5,9,9,0,12,4,8,13,10,15,5,2,2,16,3,7,2,8,5,4,2,4,2,1,1,2,25.70000076,25.20000076,33.29999924,66261613.008728,74032.8090497137
267,Brewers Hill,2356,1806,122,9,174,0,108,137,174,1159,1197,1487,1329,158,454,875,94,42,22,1329,446,341,105,29,76,883,552,331,140,139,1,1189,307,882,109,42,36,9,43,108,597,553,253,154,80,59,49,76,48,45,26,6,20,32,33.59999847,32,5544288.25946045,10201.8098980114
268,Stadium/Entertainment Area,110,22,81,0,5,0,0,2,0,72,38,0,0,0,0,0,0,0,0,0,0,0,0,0,0,0,0,0,0,0,0,0,0,0,0,0,0,0,1,1,2,7,8,16,10,18,14,15,11,2,0,0,0,53.09999847,52.29999924,54.79999924,7184255.17498779,18462.0760449621
269,Fells Point,4703,3318,343,20,374,3,262,383,474,2369,2334,3339,2877,462,719,2158,258,39,165,2877,830,632,198,83,115,2047,1556,491,253,252,1,2624,578,2046,178,74,65,19,84,345,975,831,474,261,245,237,132,191,178,151,64,42,27,34.40000153,37.09999847,33.20000076,6930601.57568359,21120.898279722
270,Inner Harbor,394,258,42,1,51,0,1,41,17,205,189,305,289,16,116,173,16,0,0,289,62,46,16,2,14,227,182,45,27,24,3,262,38,224,6,8,2,2,6,24,94,47,20,33,10,9,19,9,26,14,29,11,12,41,38.5,43.59999847,4046176.51306152,20758.1806675546
271,Reisterstown Station,1169,101,915,11,19,0,62,61,110,556,613,637,573,64,144,429,57,0,7,573,296,136,160,37,123,277,227,50,130,126,4,443,170,273,60,47,60,33,37,40,77,83,62,60,60,91,67,99,92,59,54,17,25,45.40000153,45.40000153,43.90000153,11496174.0922241,17278.5929544483
272,Baltimore Peninsula,28,13,8,0,1,0,1,5,6,19,9,8,7,1,2,5,0,0,1,7,5,5,0,0,0,2,1,1,3,3,0,4,2,2,4,0,4,3,1,1,2,2,1,2,2,2,2,2,0,0,0,0,0,26.39999962,29.70000076,20.10000038,11966812.440918,23558.1258513152
273,Riverside,6592,5556,218,5,266,1,82,464,340,3331,3261,3797,3277,520,1850,1427,343,80,97,3277,1381,1070,311,121,190,1896,1090,806,506,495,11,2771,886,1885,313,196,149,24,90,518,1523,1117,685,370,282,303,172,200,186,161,91,42,36,32.79999924,33.29999924,33.20000076,8859451.94049072,16598.8945286415
274,Spring Garden Industrial Area,0,0,0,0,0,0,0,0,0,0,0,0,0,0,0,0,0,0,0,0,0,0,0,0,0,0,0,0,0,0,0,0,0,0,0,0,0,0,0,0,0,0,0,0,0,0,0,0,0,0,0,0,0,,,,3767654.86383057,9427.60557237264
275,Locust Point,3683,3105,137,8,164,2,44,223,175,1852,1831,2074,1883,191,1114,769,72,42,77,1883,809,678,131,40,91,1074,724,350,329,324,5,1554,485,1069,263,117,78,5,49,140,653,710,444,236,179,172,70,160,124,96,44,24,26,34.29999924,35.5,34.5,5773543.40570068,13727.921353071
276,Locust Point Industrial Area,96,63,8,1,7,0,0,17,9,40,56,34,21,13,19,2,3,3,7,21,3,3,0,0,0,18,8,10,1,1,0,20,2,18,4,0,0,1,1,6,27,5,25,6,1,5,0,5,1,1,2,0,0,35.09999847,32.09999847,33.79999924,20139857.6873169,60619.365890369
277,Jones Falls Area,179,136,17,0,5,0,0,21,3,94,85,114,108,6,21,87,3,3,0,108,44,28,16,6,10,64,40,24,11,11,0,97,33,64,6,1,4,0,7,11,30,61,18,2,1,8,11,2,7,0,2,0,3,32.20000076,33.5,30,7768582.0793457,23740.4298073943
278,Gwynns Falls/Leakin Park,0,0,0,0,0,0,0,0,0,0,0,0,0,0,0,0,0,0,0,0,0,0,0,0,0,0,0,0,0,0,0,0,0,0,0,0,0,0,0,0,0,0,0,0,0,0,0,0,0,0,0,0,0,,,,20764642.0073242,35581.6793816179
279,Middle Branch/Reedbird Parks,,,,,,,,,,,,,,,,,,,,,,,,,,,,,,,,,,,,,,,,,,,,,,,,,,,,,,,,,10162084.5043945,30222.9706126341
